published_date,source,category,mention_count,avg_priority,avg_tiktok
2026-06-24,legacy_reddit_pullpush,creator_commerce,73,0.13199335616438357,0.3116438356164384
2026-06-23,legacy_reddit_pullpush,creator_commerce,94,0.13190306382978723,0.3058510638297872
2026-06-23,legacy_reddit_pullpush,product_taxonomy,1,0.133046,0.25
2026-06-22,legacy_reddit_pullpush,creator_commerce,92,0.13625102173913042,0.3179347826086957
2026-06-22,legacy_reddit_pullpush,product_taxonomy,2,0.067363,0.125
2026-06-22,legacy_reddit_pullpush,beauty_skincare,1,0.116333,0.25
2026-06-21,legacy_reddit_pullpush,creator_commerce,69,0.12165533333333334,0.27898550724637683
2026-06-20,legacy_reddit_pullpush,creator_commerce,49,0.13431967346938775,0.3163265306122449
2026-06-20,legacy_reddit_pullpush,product_taxonomy,1,0.130091,0.25
2026-06-19,legacy_reddit_pullpush,creator_commerce,36,0.13535941666666665,0.3402777777777778
2026-06-18,legacy_reddit_pullpush,creator_commerce,53,0.13138843396226416,0.3113207547169811
2026-06-18,legacy_reddit_pullpush,beauty_skincare,1,0.044443,0.0
2026-06-17,legacy_reddit_pullpush,creator_commerce,44,0.14123750000000002,0.32954545454545453
2026-06-16,legacy_reddit_pullpush,creator_commerce,30,0.15810963333333333,0.39166666666666666
2026-06-16,legacy_reddit_pullpush,beauty_skincare,2,0.155449,0.375
2026-06-16,legacy_reddit_pullpush,product_taxonomy,1,0.259853,0.75
2026-06-15,legacy_reddit_pullpush,creator_commerce,38,0.1359841052631579,0.3355263157894737
2026-06-15,legacy_reddit_pullpush,product_taxonomy,1,0.117517,0.25
2026-06-14,legacy_reddit_pullpush,creator_commerce,22,0.11814813636363636,0.2727272727272727
2026-06-14,legacy_reddit_pullpush,beauty_skincare,1,0.054963,0.0
2026-06-14,legacy_reddit_pullpush,product_taxonomy,1,0.189246,0.5
2026-06-13,legacy_reddit_pullpush,creator_commerce,37,0.15607816216216217,0.38513513513513514
2026-06-13,legacy_reddit_pullpush,product_taxonomy,2,0.097669,0.25
2026-06-12,legacy_reddit_pullpush,creator_commerce,30,0.13523166666666667,0.325
2026-06-11,legacy_reddit_pullpush,creator_commerce,32,0.14977403125,0.375
2026-06-10,legacy_reddit_pullpush,creator_commerce,39,0.1934509487179487,0.48717948717948717
2026-06-10,legacy_reddit_pullpush,product_taxonomy,2,0.2805995,0.75
2026-06-10,legacy_reddit_pullpush,beauty_skincare,1,0.052382,0.0
2026-06-09,legacy_reddit_pullpush,creator_commerce,25,0.1188168,0.26
2026-06-09,legacy_reddit_pullpush,beauty_skincare,2,0.130082,0.25
2026-06-08,legacy_reddit_pullpush,creator_commerce,21,0.10614685714285714,0.23809523809523808
2026-06-07,legacy_reddit_pullpush,creator_commerce,22,0.12574918181818182,0.2840909090909091
2026-06-07,legacy_reddit_pullpush,product_taxonomy,2,0.09041099999999999,0.125
2026-06-06,legacy_reddit_pullpush,creator_commerce,17,0.1233334705882353,0.3088235294117647
2026-06-06,legacy_reddit_pullpush,product_taxonomy,1,0.020197,0.0
2026-06-05,legacy_reddit_pullpush,creator_commerce,14,0.12045128571428572,0.26785714285714285
2026-06-05,legacy_reddit_pullpush,beauty_skincare,1,0.039133,0.0
2026-06-04,legacy_reddit_pullpush,creator_commerce,25,0.1180062,0.26
2026-06-03,legacy_reddit_pullpush,creator_commerce,26,0.15709719230769228,0.375
2026-06-02,legacy_reddit_pullpush,creator_commerce,22,0.11093304545454545,0.25
2026-06-02,legacy_reddit_pullpush,home_living,1,0.1085,0.25
2026-06-02,legacy_reddit_pullpush,product_taxonomy,1,0.090729,0.25
2026-06-01,legacy_reddit_pullpush,creator_commerce,21,0.1315667142857143,0.2976190476190476
2026-05-31,legacy_reddit_pullpush,creator_commerce,13,0.15923415384615386,0.4230769230769231
2026-05-31,legacy_reddit_pullpush,beauty_skincare,1,0.263971,0.75
2026-05-30,legacy_reddit_pullpush,creator_commerce,16,0.14663725,0.375
2026-05-29,legacy_reddit_pullpush,creator_commerce,11,0.13382045454545455,0.3181818181818182
2026-05-29,legacy_reddit_pullpush,home_living,1,0.039862,0.0
2026-05-28,legacy_reddit_pullpush,creator_commerce,26,0.12000938461538461,0.2980769230769231
2026-05-27,legacy_reddit_pullpush,creator_commerce,18,0.10663966666666666,0.2361111111111111
2026-05-27,legacy_reddit_pullpush,beauty_skincare,1,0.112732,0.25
2026-05-27,legacy_reddit_pullpush,product_taxonomy,1,0.10643,0.25
2026-05-26,legacy_reddit_pullpush,creator_commerce,25,0.17829776,0.42
2026-05-26,legacy_reddit_pullpush,product_taxonomy,1,0.020984,0.0
2026-05-25,legacy_reddit_pullpush,creator_commerce,8,0.093028,0.1875
2026-05-25,legacy_reddit_pullpush,product_taxonomy,1,0.146824,0.25
2026-05-24,legacy_reddit_pullpush,creator_commerce,8,0.1371165,0.3125
2026-05-24,legacy_reddit_pullpush,beauty_skincare,1,0.135664,0.25
2026-05-23,legacy_reddit_pullpush,creator_commerce,6,0.11348083333333332,0.25
2026-05-22,legacy_reddit_pullpush,creator_commerce,10,0.1404663,0.35
2026-05-21,legacy_reddit_pullpush,creator_commerce,7,0.15568485714285712,0.39285714285714285
2026-05-20,legacy_reddit_pullpush,creator_commerce,6,0.11428483333333334,0.25
2026-05-19,legacy_reddit_pullpush,creator_commerce,7,0.12645942857142858,0.2857142857142857
2026-05-18,legacy_reddit_pullpush,creator_commerce,4,0.11220075,0.25
2026-05-18,legacy_reddit_pullpush,beauty_skincare,1,0.130731,0.25
2026-05-17,legacy_reddit_pullpush,creator_commerce,2,0.15683999999999998,0.375
2026-05-16,legacy_reddit_pullpush,creator_commerce,7,0.09529642857142857,0.17857142857142858
2026-05-15,legacy_reddit_pullpush,food_beverage,1,0.019326,0.0
2026-05-14,legacy_reddit_pullpush,creator_commerce,3,0.09817733333333334,0.25
2026-05-13,legacy_reddit_pullpush,creator_commerce,3,0.09551799999999999,0.25
2026-05-12,legacy_reddit_pullpush,creator_commerce,5,0.138969,0.25
2026-05-11,legacy_reddit_pullpush,creator_commerce,3,0.14765033333333333,0.3333333333333333
2026-05-10,legacy_reddit_pullpush,creator_commerce,3,0.14938233333333334,0.3333333333333333
2026-05-09,legacy_reddit_pullpush,creator_commerce,1,0.018636,0.0
2026-05-08,legacy_reddit_pullpush,creator_commerce,4,0.12843100000000002,0.3125
2026-05-07,legacy_reddit_pullpush,creator_commerce,2,0.10290250000000001,0.25
2026-05-06,legacy_reddit_pullpush,creator_commerce,8,0.144868625,0.28125
2026-05-05,legacy_reddit_pullpush,creator_commerce,6,0.1216655,0.2916666666666667
2026-05-03,legacy_reddit_pullpush,creator_commerce,1,0.097987,0.25
2026-05-01,legacy_reddit_pullpush,creator_commerce,4,0.066913,0.125
2026-04-30,legacy_reddit_pullpush,creator_commerce,8,0.163936625,0.4375
2026-04-29,legacy_reddit_pullpush,creator_commerce,3,0.12397566666666666,0.25
2026-04-29,legacy_reddit_pullpush,beauty_skincare,1,0.126572,0.25
2026-04-28,legacy_reddit_pullpush,creator_commerce,1,0.102524,0.25
2026-04-27,legacy_reddit_pullpush,creator_commerce,3,0.09861666666666667,0.25
2026-04-26,legacy_reddit_pullpush,creator_commerce,2,0.094446,0.25
2026-04-25,legacy_reddit_pullpush,creator_commerce,3,0.144446,0.3333333333333333
2026-04-24,legacy_reddit_pullpush,creator_commerce,2,0.10987649999999999,0.25
2026-04-23,legacy_reddit_pullpush,creator_commerce,3,0.09918199999999999,0.25
2026-04-22,legacy_reddit_pullpush,creator_commerce,2,0.1266165,0.25
2026-04-21,legacy_reddit_pullpush,creator_commerce,3,0.19116733333333336,0.5
2026-04-20,legacy_reddit_pullpush,creator_commerce,2,0.219794,0.5
2026-04-18,legacy_reddit_pullpush,creator_commerce,1,0.11002,0.25
2026-04-17,legacy_reddit_pullpush,creator_commerce,5,0.140122,0.35
2026-04-16,legacy_reddit_pullpush,creator_commerce,1,0.118492,0.25
2026-04-15,legacy_reddit_pullpush,creator_commerce,3,0.11221666666666667,0.25
2026-04-14,legacy_reddit_pullpush,creator_commerce,3,0.12076166666666666,0.25
2026-04-13,legacy_reddit_pullpush,creator_commerce,4,0.09971775,0.1875
2026-04-12,legacy_reddit_pullpush,creator_commerce,7,0.06881985714285714,0.14285714285714285
2026-04-11,legacy_reddit_pullpush,creator_commerce,2,0.163059,0.375
2026-04-10,legacy_reddit_pullpush,creator_commerce,1,0.0421,0.0
2026-04-09,legacy_reddit_pullpush,creator_commerce,3,0.29361833333333337,0.75
2026-04-09,legacy_reddit_pullpush,product_taxonomy,1,0.308159,0.75
2026-04-08,legacy_reddit_pullpush,creator_commerce,3,0.10702133333333334,0.25
2026-04-08,legacy_reddit_pullpush,product_taxonomy,1,0.023984,0.0
2026-04-07,legacy_reddit_pullpush,creator_commerce,2,0.099051,0.25
2026-04-06,legacy_reddit_pullpush,creator_commerce,5,0.13071280000000002,0.35
2026-04-05,legacy_reddit_pullpush,creator_commerce,3,0.21272966666666668,0.5833333333333334
2026-04-04,legacy_reddit_pullpush,creator_commerce,3,0.068429,0.0
2026-04-04,legacy_reddit_pullpush,home_living,1,0.068429,0.0
2026-04-04,legacy_reddit_pullpush,product_taxonomy,1,0.068429,0.0
2026-04-03,legacy_reddit_pullpush,creator_commerce,5,0.1818786,0.45
2026-04-02,legacy_reddit_pullpush,creator_commerce,2,0.114015,0.25
2026-04-02,legacy_reddit_pullpush,product_taxonomy,1,0.200096,0.5
2026-04-01,legacy_reddit_pullpush,creator_commerce,2,0.1369635,0.25
2026-03-31,legacy_reddit_pullpush,creator_commerce,4,0.13447775,0.3125
2026-03-30,legacy_reddit_pullpush,creator_commerce,7,0.10156257142857142,0.21428571428571427
2026-03-29,legacy_reddit_pullpush,creator_commerce,2,0.1847515,0.5
2026-03-26,legacy_reddit_pullpush,creator_commerce,3,0.21620466666666668,0.5
2026-03-25,legacy_reddit_pullpush,creator_commerce,6,0.10957299999999999,0.20833333333333334
2026-03-24,legacy_reddit_pullpush,creator_commerce,9,0.15335955555555555,0.3888888888888889
2026-03-23,legacy_reddit_pullpush,home_living,1,0.084961,0.25
2026-03-23,legacy_reddit_pullpush,product_taxonomy,1,0.173131,0.5
2026-03-22,legacy_reddit_pullpush,creator_commerce,2,0.101875,0.25
2026-03-21,legacy_reddit_pullpush,creator_commerce,5,0.1634238,0.4
2026-03-20,legacy_reddit_pullpush,creator_commerce,1,0.281423,0.75
2026-03-19,legacy_reddit_pullpush,creator_commerce,4,0.15576325000000002,0.375
2026-03-18,legacy_reddit_pullpush,creator_commerce,4,0.09466325,0.25
2026-03-18,legacy_reddit_pullpush,home_living,1,0.111997,0.25
2026-03-17,legacy_reddit_pullpush,creator_commerce,4,0.09145725,0.1875
2026-03-16,legacy_reddit_pullpush,creator_commerce,4,0.11520274999999999,0.25
2026-03-15,legacy_reddit_pullpush,creator_commerce,2,0.19028649999999997,0.5
2026-03-15,legacy_reddit_pullpush,product_taxonomy,1,0.105836,0.25
2026-03-14,legacy_reddit_pullpush,creator_commerce,3,0.196479,0.4166666666666667
2026-03-13,legacy_reddit_pullpush,creator_commerce,5,0.1301698,0.3
2026-03-12,legacy_reddit_pullpush,creator_commerce,9,0.1086498888888889,0.25
2026-03-12,legacy_reddit_pullpush,product_taxonomy,1,0.095962,0.25
2026-03-11,legacy_reddit_pullpush,beauty_skincare,1,0.128713,0.25
2026-03-10,legacy_reddit_pullpush,creator_commerce,4,0.098769,0.25
2026-03-09,legacy_reddit_pullpush,creator_commerce,3,0.047541,0.0
2026-03-08,legacy_reddit_pullpush,creator_commerce,2,0.184132,0.5
2026-03-07,legacy_reddit_pullpush,creator_commerce,5,0.10711459999999999,0.25
2026-03-06,legacy_reddit_pullpush,creator_commerce,5,0.14874859999999998,0.4
2026-03-05,legacy_reddit_pullpush,creator_commerce,5,0.170931,0.45
2026-03-04,legacy_reddit_pullpush,creator_commerce,7,0.14732128571428574,0.35714285714285715
2026-03-03,legacy_reddit_pullpush,creator_commerce,7,0.1386862857142857,0.32142857142857145
2026-03-02,legacy_reddit_pullpush,creator_commerce,8,0.105412375,0.21875
2026-03-01,legacy_reddit_pullpush,creator_commerce,9,0.16539244444444445,0.4166666666666667
2026-02-28,legacy_reddit_pullpush,creator_commerce,3,0.15397766666666665,0.4166666666666667
2026-02-28,legacy_reddit_pullpush,beauty_skincare,1,0.102524,0.25
2026-02-27,legacy_reddit_pullpush,creator_commerce,1,0.092614,0.25
2026-02-26,legacy_reddit_pullpush,creator_commerce,2,0.10259299999999999,0.25
2026-02-26,legacy_reddit_pullpush,beauty_skincare,1,0.103007,0.25
2026-02-25,legacy_reddit_pullpush,creator_commerce,7,0.07364571428571429,0.10714285714285714
2026-02-25,legacy_reddit_pullpush,home_living,1,0.119167,0.25
2026-02-24,legacy_reddit_pullpush,creator_commerce,2,0.1020585,0.25
2026-02-24,legacy_reddit_pullpush,product_taxonomy,1,0.099516,0.25
2026-02-23,legacy_reddit_pullpush,creator_commerce,2,0.1000235,0.25
2026-02-22,legacy_reddit_pullpush,creator_commerce,5,0.1290412,0.35
2026-02-21,legacy_reddit_pullpush,creator_commerce,1,0.137992,0.25
2026-02-20,legacy_reddit_pullpush,creator_commerce,3,0.11295533333333334,0.25
2026-02-20,legacy_reddit_pullpush,product_taxonomy,1,0.114252,0.25
2026-02-19,legacy_reddit_pullpush,creator_commerce,5,0.1431414,0.3
2026-02-18,legacy_reddit_pullpush,creator_commerce,6,0.16499233333333332,0.375
2026-02-17,legacy_reddit_pullpush,creator_commerce,5,0.2219178,0.6
2026-02-15,legacy_reddit_pullpush,creator_commerce,2,0.11677299999999999,0.25
2026-02-14,legacy_reddit_pullpush,creator_commerce,1,0.029225,0.0
2026-02-13,legacy_reddit_pullpush,creator_commerce,3,0.13989433333333334,0.3333333333333333
2026-02-12,legacy_reddit_pullpush,creator_commerce,1,0.218952,0.5
2026-02-11,legacy_reddit_pullpush,creator_commerce,6,0.07198716666666667,0.125
2026-02-10,legacy_reddit_pullpush,creator_commerce,2,0.18684299999999998,0.5
2026-02-09,legacy_reddit_pullpush,creator_commerce,5,0.0678742,0.1
2026-02-09,legacy_reddit_pullpush,beauty_skincare,1,0.019231,0.0
2026-02-09,legacy_reddit_pullpush,product_taxonomy,1,0.019231,0.0
2026-02-08,legacy_reddit_pullpush,creator_commerce,2,0.165798,0.375
2026-02-07,legacy_reddit_pullpush,product_taxonomy,1,0.089213,0.25
2026-02-06,legacy_reddit_pullpush,creator_commerce,2,0.14618399999999998,0.375
2026-02-05,legacy_reddit_pullpush,creator_commerce,1,0.094234,0.25
2026-02-04,legacy_reddit_pullpush,creator_commerce,4,0.15188675000000001,0.375
2026-02-04,legacy_reddit_pullpush,beauty_skincare,1,0.040687,0.0
2026-02-03,legacy_reddit_pullpush,creator_commerce,2,0.12722,0.25
2026-02-02,legacy_reddit_pullpush,creator_commerce,5,0.18200120000000003,0.45
2026-01-31,legacy_reddit_pullpush,creator_commerce,4,0.13697600000000001,0.375
2026-01-30,legacy_reddit_pullpush,creator_commerce,3,0.15339899999999998,0.4166666666666667
2026-01-29,legacy_reddit_pullpush,creator_commerce,2,0.10668449999999999,0.25
2026-01-28,legacy_reddit_pullpush,creator_commerce,5,0.2361294,0.6
2026-01-28,legacy_reddit_pullpush,home_living,2,0.110702,0.25
2026-01-27,legacy_reddit_pullpush,creator_commerce,8,0.13197462499999998,0.34375
2026-01-26,legacy_reddit_pullpush,creator_commerce,5,0.18953579999999998,0.5
2026-01-26,legacy_reddit_pullpush,beauty_skincare,1,0.111997,0.25
2026-01-25,legacy_reddit_pullpush,creator_commerce,13,0.1864812307692308,0.4230769230769231
2026-01-24,legacy_reddit_pullpush,creator_commerce,5,0.0755068,0.15
2026-01-23,legacy_reddit_pullpush,creator_commerce,2,0.1190855,0.25
2026-01-22,legacy_reddit_pullpush,beauty_skincare,1,0.02851,0.0
2026-01-22,legacy_reddit_pullpush,creator_commerce,1,0.116461,0.25
2026-01-21,legacy_reddit_pullpush,creator_commerce,7,0.14172914285714286,0.32142857142857145
2026-01-20,legacy_reddit_pullpush,creator_commerce,6,0.10250150000000001,0.20833333333333334
2026-01-19,legacy_reddit_pullpush,creator_commerce,5,0.1384832,0.3
2026-01-19,legacy_reddit_pullpush,beauty_skincare,1,0.096764,0.25
2026-01-18,legacy_reddit_pullpush,creator_commerce,2,0.1240235,0.25
2026-01-17,legacy_reddit_pullpush,creator_commerce,4,0.07930175,0.0625
2026-01-16,legacy_reddit_pullpush,creator_commerce,1,0.1251,0.25
2026-01-15,legacy_reddit_pullpush,creator_commerce,2,0.092667,0.25
2026-01-14,legacy_reddit_pullpush,creator_commerce,2,0.1154435,0.25
2026-01-14,legacy_reddit_pullpush,beauty_skincare,1,0.03943,0.0
2026-01-13,legacy_reddit_pullpush,creator_commerce,2,0.20551950000000002,0.5
2026-01-12,legacy_reddit_pullpush,creator_commerce,3,0.12969033333333332,0.3333333333333333
2026-01-12,legacy_reddit_pullpush,product_taxonomy,1,0.091585,0.25
2026-01-11,legacy_reddit_pullpush,creator_commerce,2,0.13913599999999998,0.375
2026-01-11,legacy_reddit_pullpush,beauty_skincare,1,0.111881,0.25
2026-01-09,legacy_reddit_pullpush,creator_commerce,2,0.16432950000000002,0.375
2026-01-08,legacy_reddit_pullpush,creator_commerce,2,0.18409550000000002,0.5
2026-01-07,legacy_reddit_pullpush,creator_commerce,3,0.17736033333333334,0.5
2026-01-06,legacy_reddit_pullpush,creator_commerce,4,0.07449725,0.125
2026-01-03,legacy_reddit_pullpush,creator_commerce,3,0.11074600000000001,0.25
2026-01-02,legacy_reddit_pullpush,creator_commerce,3,0.10872666666666668,0.25
2026-01-01,legacy_reddit_pullpush,creator_commerce,3,0.1735846666666667,0.4166666666666667
2025-12-31,legacy_reddit_pullpush,product_taxonomy,2,0.0785675,0.125
2025-12-31,legacy_reddit_pullpush,beauty_skincare,1,0.117981,0.25
2025-12-31,legacy_reddit_pullpush,creator_commerce,1,0.084717,0.25
2025-12-30,legacy_reddit_pullpush,creator_commerce,2,0.1106715,0.25
2025-12-29,legacy_reddit_pullpush,creator_commerce,3,0.10373066666666668,0.25
2025-12-29,legacy_reddit_pullpush,product_taxonomy,1,0.021183,0.0
2025-12-27,legacy_reddit_pullpush,creator_commerce,1,0.116462,0.25
2025-12-26,legacy_reddit_pullpush,creator_commerce,1,0.086727,0.25
2025-12-24,legacy_reddit_pullpush,creator_commerce,6,0.10846366666666667,0.25
2025-12-23,legacy_reddit_pullpush,creator_commerce,1,0.110562,0.25
2025-12-22,legacy_reddit_pullpush,creator_commerce,2,0.1085145,0.25
2025-12-21,legacy_reddit_pullpush,creator_commerce,2,0.1073605,0.25
2025-12-20,legacy_reddit_pullpush,creator_commerce,1,0.17614,0.5
2025-12-20,legacy_reddit_pullpush,product_taxonomy,1,0.17614,0.5
2025-12-19,legacy_reddit_pullpush,creator_commerce,7,0.25168614285714286,0.6071428571428571
2025-12-18,legacy_reddit_pullpush,creator_commerce,5,0.10150459999999999,0.2
2025-12-18,legacy_reddit_pullpush,beauty_skincare,1,0.034489,0.0
2025-12-17,legacy_reddit_pullpush,creator_commerce,2,0.040825,0.0
2025-12-16,legacy_reddit_pullpush,creator_commerce,4,0.13463375,0.3125
2025-12-15,legacy_reddit_pullpush,creator_commerce,1,0.177485,0.5
2025-12-13,legacy_reddit_pullpush,creator_commerce,6,0.19022150000000002,0.4583333333333333
2025-12-13,legacy_reddit_pullpush,product_taxonomy,1,0.235338,0.5
2025-12-11,legacy_reddit_pullpush,creator_commerce,4,0.15332525,0.375
2025-12-10,legacy_reddit_pullpush,creator_commerce,4,0.1141285,0.25
2025-12-09,legacy_reddit_pullpush,creator_commerce,3,0.10901733333333334,0.25
2025-12-08,legacy_reddit_pullpush,creator_commerce,3,0.274087,0.5833333333333334
2025-12-07,legacy_reddit_pullpush,creator_commerce,2,0.137617,0.25
2025-12-06,legacy_reddit_pullpush,creator_commerce,4,0.1794085,0.5
2025-12-05,legacy_reddit_pullpush,creator_commerce,3,0.07043933333333334,0.08333333333333333
2025-12-03,legacy_reddit_pullpush,creator_commerce,6,0.23837833333333333,0.6666666666666666
2025-12-02,legacy_reddit_pullpush,creator_commerce,4,0.07847725,0.125
2025-12-01,legacy_reddit_pullpush,creator_commerce,4,0.22685975000000003,0.5625
2025-11-29,legacy_reddit_pullpush,creator_commerce,1,0.116853,0.25
2025-11-28,legacy_reddit_pullpush,creator_commerce,7,0.10869242857142858,0.25
2025-11-27,legacy_reddit_pullpush,creator_commerce,4,0.2639545,0.625
2025-11-26,legacy_reddit_pullpush,creator_commerce,1,0.192027,0.5
2025-11-25,legacy_reddit_pullpush,creator_commerce,3,0.11584166666666666,0.25
2025-11-24,legacy_reddit_pullpush,creator_commerce,1,0.124886,0.25
2025-11-23,legacy_reddit_pullpush,creator_commerce,1,0.110075,0.25
2025-11-22,legacy_reddit_pullpush,creator_commerce,3,0.082945,0.16666666666666666
2025-11-21,legacy_reddit_pullpush,creator_commerce,2,0.1016395,0.25
2025-11-20,legacy_reddit_pullpush,creator_commerce,2,0.2105575,0.5
2025-11-19,legacy_reddit_pullpush,creator_commerce,3,0.087354,0.16666666666666666
2025-11-18,legacy_reddit_pullpush,creator_commerce,1,0.379837,1.0
2025-11-17,legacy_reddit_pullpush,creator_commerce,1,0.116767,0.25
2025-11-15,legacy_reddit_pullpush,creator_commerce,5,0.2371712,0.6
2025-11-14,legacy_reddit_pullpush,creator_commerce,1,0.105313,0.25
2025-11-13,legacy_reddit_pullpush,creator_commerce,1,0.114278,0.25
2025-11-12,legacy_reddit_pullpush,creator_commerce,3,0.300689,0.75
2025-11-11,legacy_reddit_pullpush,creator_commerce,5,0.1781166,0.45
2025-11-11,legacy_reddit_pullpush,home_living,1,0.277305,0.75
2025-11-10,legacy_reddit_pullpush,creator_commerce,2,0.1078225,0.25
2025-11-09,legacy_reddit_pullpush,creator_commerce,2,0.101977,0.25
2025-11-09,legacy_reddit_pullpush,beauty_skincare,1,0.107052,0.25
2025-11-08,legacy_reddit_pullpush,creator_commerce,4,0.10988075,0.25
2025-11-07,legacy_reddit_pullpush,creator_commerce,2,0.21510849999999998,0.5
2025-11-06,legacy_reddit_pullpush,creator_commerce,5,0.174872,0.45
2025-11-05,legacy_reddit_pullpush,beauty_skincare,1,0.112358,0.25
2025-11-05,legacy_reddit_pullpush,creator_commerce,1,0.114945,0.25
2025-11-04,legacy_reddit_pullpush,creator_commerce,2,0.1925505,0.5
2025-11-03,legacy_reddit_pullpush,creator_commerce,2,0.125625,0.25
2025-11-02,legacy_reddit_pullpush,creator_commerce,1,0.193633,0.5
2025-11-01,legacy_reddit_pullpush,creator_commerce,1,0.317388,0.75
2025-10-31,legacy_reddit_pullpush,creator_commerce,3,0.108005,0.25
2025-10-30,legacy_reddit_pullpush,creator_commerce,4,0.126017,0.3125
2025-10-28,legacy_reddit_pullpush,creator_commerce,1,0.117366,0.25
2025-10-27,legacy_reddit_pullpush,creator_commerce,5,0.14247559999999998,0.35
2025-10-26,legacy_reddit_pullpush,creator_commerce,2,0.10341499999999999,0.25
2025-10-25,legacy_reddit_pullpush,creator_commerce,1,0.101202,0.25
2025-10-24,legacy_reddit_pullpush,creator_commerce,1,0.105646,0.25
2025-10-23,legacy_reddit_pullpush,creator_commerce,2,0.026906,0.0
2025-10-22,legacy_reddit_pullpush,creator_commerce,1,0.274849,0.75
2025-10-21,legacy_reddit_pullpush,creator_commerce,1,0.122028,0.25
2025-10-20,legacy_reddit_pullpush,creator_commerce,1,0.115219,0.25
2025-10-18,legacy_reddit_pullpush,creator_commerce,1,0.100561,0.25
2025-10-17,legacy_reddit_pullpush,creator_commerce,1,0.095841,0.25
2025-10-16,legacy_reddit_pullpush,creator_commerce,2,0.126395,0.25
2025-10-13,legacy_reddit_pullpush,creator_commerce,1,0.0993,0.25
2025-10-12,legacy_reddit_pullpush,creator_commerce,4,0.102747,0.1875
2025-10-11,legacy_reddit_pullpush,creator_commerce,2,0.01844,0.0
2025-10-10,legacy_reddit_pullpush,creator_commerce,6,0.1367283333333333,0.3333333333333333
2025-10-08,legacy_reddit_pullpush,creator_commerce,4,0.12251799999999999,0.3125
2025-10-08,legacy_reddit_pullpush,beauty_skincare,3,0.05311733333333333,0.08333333333333333
2025-10-07,legacy_reddit_pullpush,creator_commerce,3,0.08335,0.16666666666666666
2025-10-06,legacy_reddit_pullpush,creator_commerce,2,0.07448350000000001,0.125
2025-10-06,legacy_reddit_pullpush,health_wellness,1,0.04668,0.0
2025-10-06,legacy_reddit_pullpush,product_taxonomy,1,0.04668,0.0
2025-10-05,legacy_reddit_pullpush,creator_commerce,2,0.147387,0.375
2025-10-04,legacy_reddit_pullpush,creator_commerce,4,0.0917065,0.1875
2025-10-04,legacy_reddit_pullpush,beauty_skincare,1,0.025233,0.0
2025-10-03,legacy_reddit_pullpush,creator_commerce,1,0.121037,0.25
2025-10-02,legacy_reddit_pullpush,creator_commerce,1,0.125987,0.25
2025-10-01,legacy_reddit_pullpush,creator_commerce,2,0.182985,0.5
2025-10-01,legacy_reddit_pullpush,product_taxonomy,1,0.263899,0.75
2025-09-30,legacy_reddit_pullpush,creator_commerce,2,0.074351,0.0
2025-09-29,legacy_reddit_pullpush,creator_commerce,5,0.096689,0.2
2025-09-28,legacy_reddit_pullpush,creator_commerce,1,0.116969,0.25
2025-09-27,legacy_reddit_pullpush,creator_commerce,2,0.28515,0.75
2025-09-26,legacy_reddit_pullpush,creator_commerce,3,0.12178966666666667,0.25
2025-09-25,legacy_reddit_pullpush,creator_commerce,3,0.14245266666666667,0.3333333333333333
2025-09-24,legacy_reddit_pullpush,creator_commerce,6,0.056614500000000005,0.041666666666666664
2025-09-24,legacy_reddit_pullpush,home_living,2,0.211913,0.5
2025-09-24,legacy_reddit_pullpush,beauty_skincare,1,0.026342,0.0
2025-09-24,legacy_reddit_pullpush,product_taxonomy,1,0.026342,0.0
2025-09-23,legacy_reddit_pullpush,creator_commerce,2,0.119058,0.25
2025-09-22,legacy_reddit_pullpush,creator_commerce,2,0.1729485,0.375
2025-09-19,legacy_reddit_pullpush,creator_commerce,4,0.06628525,0.125
2025-09-18,legacy_reddit_pullpush,creator_commerce,2,0.12107499999999999,0.25
2025-09-18,legacy_reddit_pullpush,beauty_skincare,1,0.129022,0.25
2025-09-16,legacy_reddit_pullpush,creator_commerce,1,0.101606,0.25
2025-09-15,legacy_reddit_pullpush,creator_commerce,2,0.109166,0.25
2025-09-15,legacy_reddit_pullpush,beauty_skincare,1,0.037969,0.0
2025-09-14,legacy_reddit_pullpush,creator_commerce,1,0.108082,0.25
2025-09-13,legacy_reddit_pullpush,creator_commerce,2,0.114847,0.25
2025-09-12,legacy_reddit_pullpush,creator_commerce,4,0.08333600000000001,0.125
2025-09-11,legacy_reddit_pullpush,creator_commerce,5,0.0761202,0.15
2025-09-11,legacy_reddit_pullpush,beauty_skincare,1,0.01754,0.0
2025-09-11,legacy_reddit_pullpush,home_living,1,0.221784,0.5
2025-09-11,legacy_reddit_pullpush,product_taxonomy,1,0.01754,0.0
2025-09-10,legacy_reddit_pullpush,creator_commerce,6,0.1805265,0.375
2025-09-09,legacy_reddit_pullpush,creator_commerce,7,0.1588821428571429,0.35714285714285715
2025-09-08,legacy_reddit_pullpush,creator_commerce,2,0.120043,0.25
2025-09-07,legacy_reddit_pullpush,creator_commerce,6,0.11709133333333333,0.2916666666666667
2025-09-06,legacy_reddit_pullpush,creator_commerce,1,0.116087,0.25
2025-09-04,legacy_reddit_pullpush,creator_commerce,1,0.112635,0.25
2025-09-02,legacy_reddit_pullpush,creator_commerce,4,0.12931725,0.3125
2025-09-01,legacy_reddit_pullpush,creator_commerce,3,0.14336033333333334,0.3333333333333333
2025-08-31,legacy_reddit_pullpush,creator_commerce,1,0.096243,0.25
2025-08-28,legacy_reddit_pullpush,creator_commerce,2,0.279925,0.75
2025-08-27,legacy_reddit_pullpush,creator_commerce,2,0.100837,0.25
2025-08-24,legacy_reddit_pullpush,creator_commerce,1,0.096747,0.25
2025-08-23,legacy_reddit_pullpush,creator_commerce,2,0.108898,0.25
2025-08-22,legacy_reddit_pullpush,creator_commerce,1,0.037966,0.0
2025-08-20,legacy_reddit_pullpush,creator_commerce,4,0.129882,0.3125
2025-08-19,legacy_reddit_pullpush,creator_commerce,4,0.07138325000000001,0.125
2025-08-18,legacy_reddit_pullpush,creator_commerce,2,0.027927,0.0
2025-08-17,legacy_reddit_pullpush,creator_commerce,4,0.19585850000000002,0.5
2025-08-17,legacy_reddit_pullpush,product_taxonomy,1,0.358972,1.0
2025-08-14,legacy_reddit_pullpush,creator_commerce,1,0.116973,0.25
2025-08-11,legacy_reddit_pullpush,creator_commerce,2,0.10234750000000001,0.25
2025-08-10,legacy_reddit_pullpush,creator_commerce,2,0.016515,0.0
2025-08-07,legacy_reddit_pullpush,creator_commerce,1,0.079124,0.25
2025-08-04,legacy_reddit_pullpush,creator_commerce,2,0.186651,0.5
2025-08-03,legacy_reddit_pullpush,creator_commerce,5,0.147843,0.3
2025-08-02,legacy_reddit_pullpush,creator_commerce,2,0.043188,0.0
2025-07-31,legacy_reddit_pullpush,creator_commerce,4,0.07906225,0.125
2025-07-29,legacy_reddit_pullpush,creator_commerce,2,0.0640545,0.125
2025-07-27,legacy_reddit_pullpush,creator_commerce,2,0.1615475,0.375
2025-07-26,legacy_reddit_pullpush,creator_commerce,4,0.050710000000000005,0.0625
2025-07-25,legacy_reddit_pullpush,creator_commerce,1,0.016946,0.0
2025-07-24,legacy_reddit_pullpush,creator_commerce,2,0.0765135,0.125
2025-07-22,legacy_reddit_pullpush,creator_commerce,3,0.05776699999999999,0.08333333333333333
2025-07-20,legacy_reddit_pullpush,creator_commerce,1,0.081896,0.25
2025-07-18,legacy_reddit_pullpush,creator_commerce,1,0.291233,0.75
2025-07-17,legacy_reddit_pullpush,creator_commerce,1,0.225708,0.5
2025-07-16,legacy_reddit_pullpush,creator_commerce,3,0.23252166666666665,0.5833333333333334
2025-07-16,legacy_reddit_pullpush,product_taxonomy,1,0.298695,0.75
2025-07-15,legacy_reddit_pullpush,creator_commerce,3,0.085521,0.08333333333333333
2025-07-13,legacy_reddit_pullpush,creator_commerce,1,0.093903,0.25
2025-07-12,legacy_reddit_pullpush,creator_commerce,6,0.160882,0.375
2025-07-11,legacy_reddit_pullpush,creator_commerce,3,0.107054,0.08333333333333333
2025-07-10,legacy_reddit_pullpush,creator_commerce,2,0.151427,0.375
2025-07-09,legacy_reddit_pullpush,creator_commerce,3,0.022454,0.0
2025-07-07,legacy_reddit_pullpush,creator_commerce,4,0.06213250000000001,0.125
2025-07-04,legacy_reddit_pullpush,creator_commerce,2,0.016641,0.0
2025-07-02,legacy_reddit_pullpush,creator_commerce,3,0.244134,0.5833333333333334
2025-07-01,legacy_reddit_pullpush,creator_commerce,2,0.254724,0.5
2025-06-28,legacy_reddit_pullpush,creator_commerce,3,0.10533599999999999,0.25
2025-06-26,legacy_reddit_pullpush,creator_commerce,1,0.105505,0.25
2025-06-24,legacy_reddit_pullpush,creator_commerce,1,0.087008,0.25
2025-05-19,legacy_reddit_pullpush,creator_commerce,74,0.13844586486486488,0.26013513513513514
2025-05-19,legacy_reddit_pullpush,product_taxonomy,2,0.148121,0.25
2025-05-19,legacy_reddit_pullpush,beauty_skincare,1,0.137996,0.25
2025-05-18,legacy_reddit_pullpush,creator_commerce,129,0.1605657519379845,0.32751937984496127
2025-05-17,legacy_reddit_pullpush,creator_commerce,121,0.16580938016528926,0.3409090909090909
2025-05-17,legacy_reddit_pullpush,beauty_skincare,1,0.051143,0.0
2025-05-17,legacy_reddit_pullpush,product_taxonomy,1,0.0663,0.0
2025-05-16,legacy_reddit_pullpush,creator_commerce,108,0.16714,0.3472222222222222
2025-05-15,legacy_reddit_pullpush,creator_commerce,110,0.16903135454545454,0.3477272727272727
2025-05-15,legacy_reddit_pullpush,product_taxonomy,2,0.23129850000000002,0.5
2025-05-15,legacy_reddit_pullpush,home_living,1,0.057213,0.0
2025-05-14,legacy_reddit_pullpush,creator_commerce,100,0.15365162,0.2925
2025-05-14,legacy_reddit_pullpush,product_taxonomy,2,0.0879755,0.125
2025-05-14,legacy_reddit_pullpush,beauty_skincare,1,0.207958,0.5
2025-05-13,legacy_reddit_pullpush,creator_commerce,102,0.15896800980392156,0.2965686274509804
2025-05-12,legacy_reddit_pullpush,creator_commerce,90,0.15721072222222224,0.29444444444444445
2025-05-11,legacy_reddit_pullpush,creator_commerce,87,0.17233087356321838,0.34770114942528735
2025-05-10,legacy_reddit_pullpush,creator_commerce,107,0.158962261682243,0.308411214953271
2025-05-10,legacy_reddit_pullpush,product_taxonomy,1,0.144753,0.25
2025-05-09,legacy_reddit_pullpush,creator_commerce,95,0.16049315789473684,0.3026315789473684
2025-05-09,legacy_reddit_pullpush,product_taxonomy,1,0.082267,0.0
2025-05-08,legacy_reddit_pullpush,creator_commerce,111,0.12768291891891892,0.23198198198198197
2025-05-08,legacy_reddit_pullpush,product_taxonomy,1,0.062198,0.0
2025-05-07,legacy_reddit_pullpush,creator_commerce,110,0.15091535454545454,0.3
2025-05-07,legacy_reddit_pullpush,product_taxonomy,2,0.0727365,0.125
2025-05-07,legacy_reddit_pullpush,home_living,1,0.093957,0.0
2025-05-06,legacy_reddit_pullpush,creator_commerce,90,0.13567077777777778,0.26666666666666666
2025-05-06,legacy_reddit_pullpush,product_taxonomy,1,0.110311,0.0
2025-05-05,legacy_reddit_pullpush,creator_commerce,102,0.1494575588235294,0.2965686274509804
2025-05-05,legacy_reddit_pullpush,product_taxonomy,1,0.28669,0.75
2025-05-04,legacy_reddit_pullpush,creator_commerce,87,0.14940598850574713,0.2988505747126437
2025-05-04,legacy_reddit_pullpush,product_taxonomy,1,0.056318,0.0
2025-05-03,legacy_reddit_pullpush,creator_commerce,115,0.1510179043478261,0.29782608695652174
2025-05-03,legacy_reddit_pullpush,product_taxonomy,2,0.1005335,0.125
2025-05-03,legacy_reddit_pullpush,food_beverage,1,0.039547,0.0
2025-05-02,legacy_reddit_pullpush,creator_commerce,98,0.15195470408163264,0.29591836734693877
2025-05-02,legacy_reddit_pullpush,product_taxonomy,1,0.093988,0.0
2025-05-01,legacy_reddit_pullpush,creator_commerce,126,0.14187731746031745,0.2698412698412698
2025-05-01,legacy_reddit_pullpush,product_taxonomy,3,0.08906399999999999,0.08333333333333333
2025-05-01,legacy_reddit_pullpush,beauty_skincare,1,0.058552,0.0
2025-05-01,legacy_reddit_pullpush,seed_signal,1,0.357845,0.75
2025-04-30,legacy_reddit_pullpush,creator_commerce,92,0.14003901086956522,0.2798913043478261
2025-04-30,legacy_reddit_pullpush,product_taxonomy,2,0.0431,0.0
2025-04-29,legacy_reddit_pullpush,creator_commerce,91,0.14202946153846152,0.27472527472527475
2025-04-29,legacy_reddit_pullpush,seed_signal,1,0.152586,0.25
2025-04-28,legacy_reddit_pullpush,creator_commerce,114,0.12730797368421054,0.24561403508771928
2025-04-28,legacy_reddit_pullpush,seed_signal,1,0.052563,0.0
2025-04-27,legacy_reddit_pullpush,creator_commerce,87,0.1516592183908046,0.29310344827586204
2025-04-27,legacy_reddit_pullpush,beauty_skincare,1,0.026354,0.0
2025-04-27,legacy_reddit_pullpush,product_taxonomy,1,0.033945,0.0
2025-04-27,legacy_reddit_pullpush,seed_signal,1,0.067508,0.0
2025-04-26,legacy_reddit_pullpush,creator_commerce,99,0.14624050505050504,0.2803030303030303
2025-04-26,legacy_reddit_pullpush,product_taxonomy,2,0.08014199999999999,0.125
2025-04-25,legacy_reddit_pullpush,creator_commerce,101,0.1468500792079208,0.2698019801980198
2025-04-25,legacy_reddit_pullpush,product_taxonomy,2,0.2361955,0.5
2025-04-24,legacy_reddit_pullpush,creator_commerce,120,0.15424078333333335,0.29583333333333334
2025-04-24,legacy_reddit_pullpush,product_taxonomy,2,0.1006985,0.125
2025-04-23,legacy_reddit_pullpush,creator_commerce,113,0.16764410619469028,0.3407079646017699
2025-04-23,legacy_reddit_pullpush,product_taxonomy,3,0.09216733333333334,0.08333333333333333
2025-04-23,legacy_reddit_pullpush,beauty_skincare,1,0.08253,0.0
2025-04-22,legacy_reddit_pullpush,creator_commerce,102,0.13866385294117647,0.27450980392156865
2025-04-22,legacy_reddit_pullpush,food_beverage,1,0.129172,0.25
2025-04-21,legacy_reddit_pullpush,creator_commerce,97,0.1348736494845361,0.25
2025-04-21,legacy_reddit_pullpush,product_taxonomy,2,0.117663,0.25
2025-04-20,legacy_reddit_pullpush,creator_commerce,66,0.13599675757575758,0.2537878787878788
2025-04-19,legacy_reddit_pullpush,creator_commerce,70,0.14815442857142858,0.30357142857142855
2025-04-19,legacy_reddit_pullpush,beauty_skincare,1,0.046217,0.0
2025-04-19,legacy_reddit_pullpush,product_taxonomy,1,0.046217,0.0
2025-04-18,legacy_reddit_pullpush,creator_commerce,96,0.14824154166666667,0.2994791666666667
2025-04-18,legacy_reddit_pullpush,product_taxonomy,2,0.088394,0.125
2025-04-18,legacy_reddit_pullpush,food_beverage,1,0.040653,0.0
2025-04-17,legacy_reddit_pullpush,creator_commerce,96,0.14247186458333333,0.2890625
2025-04-17,legacy_reddit_pullpush,product_taxonomy,2,0.16211150000000002,0.375
2025-04-16,legacy_reddit_pullpush,creator_commerce,102,0.15110542156862747,0.30637254901960786
2025-04-16,legacy_reddit_pullpush,product_taxonomy,2,0.18082700000000002,0.375
2025-04-16,legacy_reddit_pullpush,health_wellness,1,0.222653,0.5
2025-04-15,legacy_reddit_pullpush,creator_commerce,100,0.14436806000000002,0.29
2025-04-15,legacy_reddit_pullpush,product_taxonomy,3,0.142248,0.25
2025-04-15,legacy_reddit_pullpush,health_wellness,1,0.236796,0.5
2025-04-14,legacy_reddit_pullpush,creator_commerce,105,0.14779939047619048,0.30714285714285716
2025-04-14,legacy_reddit_pullpush,product_taxonomy,2,0.0882425,0.125
2025-04-14,legacy_reddit_pullpush,beauty_skincare,1,0.213236,0.5
2025-04-13,legacy_reddit_pullpush,creator_commerce,91,0.13632474725274726,0.2774725274725275
2025-04-12,legacy_reddit_pullpush,creator_commerce,77,0.14594636363636365,0.29545454545454547
2025-04-11,legacy_reddit_pullpush,creator_commerce,92,0.16666129347826086,0.35054347826086957
2025-04-11,legacy_reddit_pullpush,beauty_skincare,1,0.15165,0.25
2025-04-10,legacy_reddit_pullpush,creator_commerce,109,0.16026601834862386,0.33715596330275227
2025-04-09,legacy_reddit_pullpush,creator_commerce,102,0.15560389215686274,0.3112745098039216
2025-04-09,legacy_reddit_pullpush,product_taxonomy,2,0.10525299999999999,0.125
2025-04-08,legacy_reddit_pullpush,creator_commerce,112,0.14523610714285715,0.30357142857142855
2025-04-08,legacy_reddit_pullpush,beauty_skincare,3,0.031594333333333335,0.0
2025-04-07,legacy_reddit_pullpush,creator_commerce,101,0.13586504950495049,0.2722772277227723
2025-04-07,legacy_reddit_pullpush,beauty_skincare,1,0.038509,0.0
2025-04-07,legacy_reddit_pullpush,product_taxonomy,1,0.061627,0.0
2025-04-06,legacy_reddit_pullpush,creator_commerce,93,0.13582778494623654,0.271505376344086
2025-04-05,legacy_reddit_pullpush,creator_commerce,68,0.15173010294117645,0.3125
2025-04-05,legacy_reddit_pullpush,food_beverage,1,0.064757,0.0
2025-04-04,legacy_reddit_pullpush,creator_commerce,110,0.15344356363636363,0.3068181818181818
2025-04-04,legacy_reddit_pullpush,product_taxonomy,4,0.13367925,0.25
2025-04-04,legacy_reddit_pullpush,beauty_skincare,1,0.153537,0.25
2025-04-04,legacy_reddit_pullpush,health_wellness,1,0.220365,0.5
2025-04-03,legacy_reddit_pullpush,creator_commerce,88,0.15620361363636362,0.3210227272727273
2025-04-03,legacy_reddit_pullpush,product_taxonomy,3,0.14479699999999998,0.25
2025-04-03,legacy_reddit_pullpush,seed_signal,1,0.335203,0.75
2025-04-02,legacy_reddit_pullpush,creator_commerce,94,0.1443211595744681,0.2765957446808511
2025-04-02,legacy_reddit_pullpush,product_taxonomy,3,0.15539,0.25
2025-04-01,legacy_reddit_pullpush,creator_commerce,129,0.14716587596899225,0.29844961240310075
2025-03-31,legacy_reddit_pullpush,creator_commerce,77,0.1462365064935065,0.2987012987012987
2025-03-30,legacy_reddit_pullpush,creator_commerce,79,0.1479341012658228,0.2879746835443038
2025-03-29,legacy_reddit_pullpush,creator_commerce,73,0.1453295616438356,0.3047945205479452
2025-03-28,legacy_reddit_pullpush,creator_commerce,77,0.17121584415584415,0.37012987012987014
2025-03-28,legacy_reddit_pullpush,product_taxonomy,1,0.140628,0.25
2025-03-27,legacy_reddit_pullpush,creator_commerce,71,0.160875338028169,0.3274647887323944
2025-03-27,legacy_reddit_pullpush,beauty_skincare,1,0.122342,0.25
2025-03-26,legacy_reddit_pullpush,creator_commerce,113,0.15429896460176992,0.3185840707964602
2025-03-25,legacy_reddit_pullpush,creator_commerce,74,0.15702685135135136,0.34121621621621623
2025-03-25,legacy_reddit_pullpush,seed_signal,2,0.3222695,0.75
2025-03-24,legacy_reddit_pullpush,creator_commerce,70,0.1584479142857143,0.32857142857142857
2025-03-24,legacy_reddit_pullpush,product_taxonomy,1,0.037391,0.0
2025-03-23,legacy_reddit_pullpush,creator_commerce,82,0.17378768292682925,0.36890243902439024
2025-03-23,legacy_reddit_pullpush,product_taxonomy,1,0.142212,0.25
2025-03-22,legacy_reddit_pullpush,creator_commerce,78,0.1462921282051282,0.30128205128205127
2025-03-21,legacy_reddit_pullpush,creator_commerce,62,0.15736906451612906,0.32661290322580644
2025-03-20,legacy_reddit_pullpush,creator_commerce,90,0.1541256,0.3138888888888889
2025-03-20,legacy_reddit_pullpush,beauty_skincare,1,0.114661,0.25
2025-03-19,legacy_reddit_pullpush,creator_commerce,89,0.15555465168539326,0.3146067415730337
2025-03-19,legacy_reddit_pullpush,beauty_skincare,1,0.146583,0.25
2025-03-19,legacy_reddit_pullpush,product_taxonomy,1,0.02081,0.0
2025-03-18,legacy_reddit_pullpush,creator_commerce,86,0.16004608139534884,0.32848837209302323
2025-03-17,legacy_reddit_pullpush,creator_commerce,77,0.16958364935064935,0.3474025974025974
2025-03-17,legacy_reddit_pullpush,home_living,1,0.058426,0.0
2025-03-16,legacy_reddit_pullpush,creator_commerce,67,0.16536137313432836,0.3246268656716418
2025-03-15,legacy_reddit_pullpush,creator_commerce,54,0.16545492592592592,0.3472222222222222
2025-03-15,legacy_reddit_pullpush,beauty_skincare,1,0.035519,0.0
2025-03-14,legacy_reddit_pullpush,creator_commerce,64,0.180659796875,0.37109375
2025-03-14,legacy_reddit_pullpush,product_taxonomy,1,0.221623,0.5
2025-03-13,legacy_reddit_pullpush,creator_commerce,23,0.20362330434782608,0.45652173913043476
2025-03-12,legacy_reddit_pullpush,creator_commerce,14,0.1941457857142857,0.44642857142857145
2025-03-11,legacy_reddit_pullpush,creator_commerce,18,0.17804177777777777,0.3888888888888889
2025-03-10,legacy_reddit_pullpush,creator_commerce,13,0.17179746153846154,0.36538461538461536
2025-03-10,legacy_reddit_pullpush,beauty_skincare,1,0.144113,0.25
2025-03-09,legacy_reddit_pullpush,creator_commerce,8,0.26937500000000003,0.5625
2025-03-08,legacy_reddit_pullpush,creator_commerce,15,0.17466533333333334,0.38333333333333336
2025-03-07,legacy_reddit_pullpush,creator_commerce,25,0.22527176000000002,0.5
2025-03-06,legacy_reddit_pullpush,creator_commerce,18,0.20144655555555555,0.4583333333333333
2025-03-05,legacy_reddit_pullpush,creator_commerce,21,0.2433563333333333,0.5595238095238095
2025-03-04,legacy_reddit_pullpush,creator_commerce,20,0.22376695,0.525
2025-03-04,legacy_reddit_pullpush,product_taxonomy,1,0.30031,0.75
2025-03-03,legacy_reddit_pullpush,creator_commerce,25,0.21427664,0.47
2025-03-03,legacy_reddit_pullpush,product_taxonomy,1,0.200929,0.5
2025-03-02,legacy_reddit_pullpush,creator_commerce,16,0.2290670625,0.546875
2025-03-02,legacy_reddit_pullpush,product_taxonomy,1,0.353377,0.75
2025-03-01,legacy_reddit_pullpush,creator_commerce,15,0.23006046666666666,0.55
2025-03-01,legacy_reddit_pullpush,product_taxonomy,2,0.19071700000000003,0.5
2025-02-28,legacy_reddit_pullpush,creator_commerce,18,0.2175072222222222,0.4722222222222222
2025-02-27,legacy_reddit_pullpush,creator_commerce,19,0.25554505263157895,0.5921052631578947
2025-02-26,legacy_reddit_pullpush,creator_commerce,22,0.21577027272727275,0.4772727272727273
2025-02-25,legacy_reddit_pullpush,creator_commerce,21,0.18754452380952383,0.42857142857142855
2025-02-24,legacy_reddit_pullpush,creator_commerce,19,0.2248954736842105,0.5263157894736842
2025-02-24,legacy_reddit_pullpush,health_wellness,1,0.234727,0.5
2025-02-24,legacy_reddit_pullpush,product_taxonomy,1,0.234727,0.5
2025-02-23,legacy_reddit_pullpush,creator_commerce,10,0.22745069999999998,0.525
2025-02-23,legacy_reddit_pullpush,seed_signal,1,0.294318,0.75
2025-02-22,legacy_reddit_pullpush,creator_commerce,12,0.24882966666666664,0.5833333333333334
2025-02-21,legacy_reddit_pullpush,creator_commerce,15,0.2073224,0.4666666666666667
2025-02-20,legacy_reddit_pullpush,creator_commerce,18,0.18587761111111112,0.4166666666666667
2025-02-19,legacy_reddit_pullpush,creator_commerce,21,0.2335227142857143,0.5238095238095238
2025-02-18,legacy_reddit_pullpush,creator_commerce,13,0.25418615384615384,0.6153846153846154
2025-02-17,legacy_reddit_pullpush,creator_commerce,19,0.2341478947368421,0.5657894736842105
2025-02-16,legacy_reddit_pullpush,creator_commerce,15,0.2259552,0.5333333333333333
2025-02-15,legacy_reddit_pullpush,creator_commerce,17,0.17504670588235294,0.4117647058823529
2025-02-14,legacy_reddit_pullpush,creator_commerce,12,0.15407983333333333,0.3333333333333333
2025-02-14,legacy_reddit_pullpush,product_taxonomy,1,0.190226,0.5
2025-02-13,legacy_reddit_pullpush,creator_commerce,13,0.20864553846153847,0.5384615384615384
2025-02-12,legacy_reddit_pullpush,creator_commerce,15,0.20516066666666666,0.4666666666666667
2025-02-11,legacy_reddit_pullpush,creator_commerce,22,0.19792304545454542,0.4772727272727273
2025-02-11,legacy_reddit_pullpush,seed_signal,1,0.38603,1.0
2025-02-10,legacy_reddit_pullpush,creator_commerce,15,0.20815219999999998,0.4666666666666667
2025-02-09,legacy_reddit_pullpush,creator_commerce,18,0.21457316666666668,0.4861111111111111
2025-02-09,legacy_reddit_pullpush,tech_gadgets,1,0.16036,0.25
2025-02-08,legacy_reddit_pullpush,creator_commerce,9,0.1684801111111111,0.3333333333333333
2025-02-07,legacy_reddit_pullpush,creator_commerce,17,0.2097065294117647,0.45588235294117646
2025-02-07,legacy_reddit_pullpush,beauty_skincare,1,0.117233,0.25
2025-02-07,legacy_reddit_pullpush,product_taxonomy,1,0.117233,0.25
2025-02-06,legacy_reddit_pullpush,creator_commerce,25,0.21613516,0.5
2025-02-05,legacy_reddit_pullpush,creator_commerce,19,0.23750194736842106,0.5394736842105263
2025-02-04,legacy_reddit_pullpush,creator_commerce,9,0.256972,0.5833333333333334
2025-02-03,legacy_reddit_pullpush,creator_commerce,8,0.18608475,0.40625
2025-02-02,legacy_reddit_pullpush,creator_commerce,15,0.20643673333333332,0.5
2025-02-02,legacy_reddit_pullpush,beauty_skincare,1,0.282736,0.75
2025-02-02,legacy_reddit_pullpush,home_living,1,0.032883,0.0
2025-02-02,legacy_reddit_pullpush,product_taxonomy,1,0.291755,0.75
2025-02-01,legacy_reddit_pullpush,creator_commerce,12,0.23582883333333335,0.5416666666666666
2025-01-31,legacy_reddit_pullpush,creator_commerce,15,0.20435740000000002,0.4166666666666667
2025-01-30,legacy_reddit_pullpush,creator_commerce,17,0.2533927058823529,0.5588235294117647
2025-01-30,legacy_reddit_pullpush,home_living,2,0.242802,0.5
2025-01-29,legacy_reddit_pullpush,creator_commerce,17,0.18415617647058824,0.4117647058823529
2025-01-28,legacy_reddit_pullpush,creator_commerce,18,0.15614822222222224,0.3472222222222222
2025-01-27,legacy_reddit_pullpush,creator_commerce,22,0.21722822727272728,0.5227272727272727
2025-01-26,legacy_reddit_pullpush,creator_commerce,16,0.20976025,0.46875
2025-01-25,legacy_reddit_pullpush,creator_commerce,6,0.19707583333333334,0.4583333333333333
2025-01-25,legacy_reddit_pullpush,product_taxonomy,1,0.046439,0.0
2025-01-24,legacy_reddit_pullpush,creator_commerce,26,0.24486219230769232,0.5673076923076923
2025-01-23,legacy_reddit_pullpush,creator_commerce,17,0.19112982352941177,0.4411764705882353
2025-01-23,legacy_reddit_pullpush,product_taxonomy,1,0.21378,0.5
2025-01-22,legacy_reddit_pullpush,creator_commerce,13,0.2126273846153846,0.4807692307692308
2025-01-21,legacy_reddit_pullpush,creator_commerce,18,0.20288977777777778,0.4583333333333333
2025-01-20,legacy_reddit_pullpush,creator_commerce,21,0.1998385238095238,0.44047619047619047
2025-01-19,legacy_reddit_pullpush,creator_commerce,27,0.27062885185185187,0.6481481481481481
2025-01-18,legacy_reddit_pullpush,creator_commerce,17,0.20986164705882354,0.45588235294117646
2025-01-17,legacy_reddit_pullpush,creator_commerce,9,0.20479255555555553,0.5
2025-01-16,legacy_reddit_pullpush,creator_commerce,12,0.1958635,0.4375
2025-01-15,legacy_reddit_pullpush,creator_commerce,16,0.2146018125,0.515625
2025-01-14,legacy_reddit_pullpush,creator_commerce,21,0.20163757142857144,0.4880952380952381
2025-01-14,legacy_reddit_pullpush,product_taxonomy,2,0.128204,0.25
2025-01-13,legacy_reddit_pullpush,creator_commerce,13,0.19654938461538463,0.4230769230769231
2025-01-12,legacy_reddit_pullpush,creator_commerce,21,0.22472009523809522,0.5
2025-01-11,legacy_reddit_pullpush,creator_commerce,7,0.23793285714285714,0.5357142857142857
2025-01-10,legacy_reddit_pullpush,creator_commerce,22,0.23863677272727274,0.5568181818181818
2025-01-10,legacy_reddit_pullpush,beauty_skincare,1,0.418022,1.0
2025-01-09,legacy_reddit_pullpush,creator_commerce,8,0.19906225,0.40625
2025-01-08,legacy_reddit_pullpush,creator_commerce,18,0.18832783333333333,0.4305555555555556
2025-01-07,legacy_reddit_pullpush,creator_commerce,24,0.20134066666666664,0.4479166666666667
2025-01-06,legacy_reddit_pullpush,creator_commerce,23,0.22860060869565216,0.5
2025-01-06,legacy_reddit_pullpush,beauty_skincare,1,0.362326,0.75
2025-01-05,legacy_reddit_pullpush,creator_commerce,16,0.1779189375,0.421875
2025-01-04,legacy_reddit_pullpush,creator_commerce,20,0.28432755,0.625
2025-01-03,legacy_reddit_pullpush,creator_commerce,23,0.20146195652173915,0.45652173913043476
2025-01-02,legacy_reddit_pullpush,creator_commerce,11,0.21264872727272727,0.4772727272727273
2025-01-02,legacy_reddit_pullpush,product_taxonomy,1,0.138019,0.25
2025-01-02,legacy_reddit_pullpush,seed_signal,1,0.320025,0.75
2025-01-01,legacy_reddit_pullpush,creator_commerce,6,0.21005016666666665,0.5
2024-12-31,legacy_reddit_pullpush,creator_commerce,12,0.220406,0.5
2024-12-30,legacy_reddit_pullpush,creator_commerce,18,0.20807477777777778,0.4722222222222222
2024-12-29,legacy_reddit_pullpush,creator_commerce,12,0.1890214166666667,0.4166666666666667
2024-12-28,legacy_reddit_pullpush,creator_commerce,8,0.22933774999999998,0.5
2024-12-27,legacy_reddit_pullpush,creator_commerce,19,0.25030952631578945,0.5921052631578947
2024-12-26,legacy_reddit_pullpush,creator_commerce,8,0.194788,0.46875
2024-12-25,legacy_reddit_pullpush,creator_commerce,6,0.2071888333333333,0.4583333333333333
2024-12-24,legacy_reddit_pullpush,creator_commerce,20,0.29993005,0.725
2024-12-23,legacy_reddit_pullpush,creator_commerce,21,0.25481971428571426,0.5714285714285714
2024-12-22,legacy_reddit_pullpush,creator_commerce,7,0.2341467142857143,0.5357142857142857
2024-12-22,legacy_reddit_pullpush,beauty_skincare,1,0.144419,0.25
2024-12-22,legacy_reddit_pullpush,product_taxonomy,1,0.152887,0.25
2024-12-21,legacy_reddit_pullpush,creator_commerce,12,0.22128099999999998,0.5208333333333334
2024-12-20,legacy_reddit_pullpush,creator_commerce,15,0.2261392,0.5666666666666667
2024-12-20,legacy_reddit_pullpush,product_taxonomy,2,0.121046,0.25
2024-12-20,legacy_reddit_pullpush,beauty_skincare,1,0.285679,0.75
2024-12-19,legacy_reddit_pullpush,creator_commerce,15,0.27177406666666665,0.65
2024-12-18,legacy_reddit_pullpush,creator_commerce,14,0.2595822142857143,0.6071428571428571
2024-12-18,legacy_reddit_pullpush,product_taxonomy,1,0.303731,0.75
2024-12-17,legacy_reddit_pullpush,creator_commerce,9,0.23305800000000002,0.5277777777777778
2024-12-16,legacy_reddit_pullpush,creator_commerce,11,0.21465727272727272,0.4772727272727273
2024-12-15,legacy_reddit_pullpush,creator_commerce,8,0.21609775,0.46875
2024-12-14,legacy_reddit_pullpush,creator_commerce,10,0.21063939999999998,0.475
2024-12-13,legacy_reddit_pullpush,creator_commerce,15,0.22284273333333332,0.5333333333333333
2024-12-12,legacy_reddit_pullpush,creator_commerce,12,0.2409455,0.5416666666666666
2024-12-11,legacy_reddit_pullpush,creator_commerce,27,0.2688215185185185,0.6018518518518519
2024-12-10,legacy_reddit_pullpush,creator_commerce,15,0.31055726666666666,0.7
2024-12-09,legacy_reddit_pullpush,creator_commerce,14,0.24011642857142856,0.5535714285714286
2024-12-09,legacy_reddit_pullpush,product_taxonomy,1,0.30397,0.75
2024-12-08,legacy_reddit_pullpush,creator_commerce,13,0.26681684615384615,0.6346153846153846
2024-12-07,legacy_reddit_pullpush,creator_commerce,11,0.2486036363636364,0.5681818181818182
2024-12-07,legacy_reddit_pullpush,seed_signal,1,0.231447,0.5
2024-12-06,legacy_reddit_pullpush,creator_commerce,13,0.28294369230769234,0.6730769230769231
2024-12-05,legacy_reddit_pullpush,creator_commerce,11,0.1735709090909091,0.4090909090909091
2024-12-05,legacy_reddit_pullpush,product_taxonomy,1,0.113642,0.25
2024-12-04,legacy_reddit_pullpush,creator_commerce,25,0.2836904,0.67
2024-12-03,legacy_reddit_pullpush,creator_commerce,22,0.23482672727272727,0.5454545454545454
2024-12-02,legacy_reddit_pullpush,creator_commerce,14,0.23313764285714283,0.5535714285714286
2024-12-01,legacy_reddit_pullpush,creator_commerce,10,0.2226791,0.5
2024-11-30,legacy_reddit_pullpush,creator_commerce,23,0.25244634782608694,0.5652173913043478
2024-11-29,legacy_reddit_pullpush,creator_commerce,20,0.2748413,0.6125
2024-11-28,legacy_reddit_pullpush,creator_commerce,9,0.1927621111111111,0.4166666666666667
2024-11-28,legacy_reddit_pullpush,beauty_skincare,1,0.137075,0.25
2024-11-27,legacy_reddit_pullpush,creator_commerce,12,0.26761641666666663,0.625
2024-11-26,legacy_reddit_pullpush,creator_commerce,18,0.19198144444444443,0.4166666666666667
2024-11-26,legacy_reddit_pullpush,beauty_skincare,1,0.140776,0.25
2024-11-26,legacy_reddit_pullpush,product_taxonomy,1,0.144707,0.25
2024-11-25,legacy_reddit_pullpush,creator_commerce,20,0.24348519999999998,0.5625
2024-11-24,legacy_reddit_pullpush,creator_commerce,12,0.29677975,0.6666666666666666
2024-11-24,legacy_reddit_pullpush,seed_signal,1,0.351922,0.75
2024-11-23,legacy_reddit_pullpush,creator_commerce,17,0.2824127058823529,0.6764705882352942
2024-11-22,legacy_reddit_pullpush,creator_commerce,16,0.3204120625,0.734375
2024-11-21,legacy_reddit_pullpush,creator_commerce,14,0.2670485714285714,0.6428571428571429
2024-11-20,legacy_reddit_pullpush,creator_commerce,14,0.26969057142857145,0.5892857142857143
2024-11-19,legacy_reddit_pullpush,creator_commerce,10,0.21005569999999998,0.45
2024-11-18,legacy_reddit_pullpush,creator_commerce,11,0.26272754545454546,0.5909090909090909
2024-11-17,legacy_reddit_pullpush,creator_commerce,16,0.30033499999999996,0.703125
2024-11-16,legacy_reddit_pullpush,creator_commerce,15,0.27460833333333334,0.6166666666666667
2024-11-15,legacy_reddit_pullpush,creator_commerce,13,0.27010884615384617,0.6346153846153846
2024-11-14,legacy_reddit_pullpush,creator_commerce,14,0.26958564285714287,0.625
2024-11-13,legacy_reddit_pullpush,creator_commerce,14,0.23280057142857144,0.5714285714285714
2024-11-12,legacy_reddit_pullpush,creator_commerce,11,0.208923,0.45454545454545453
2024-11-11,legacy_reddit_pullpush,creator_commerce,12,0.28322225,0.6666666666666666
2024-11-10,legacy_reddit_pullpush,creator_commerce,8,0.318684125,0.71875
2024-11-09,legacy_reddit_pullpush,creator_commerce,6,0.25934866666666667,0.625
2024-11-09,legacy_reddit_pullpush,product_taxonomy,1,0.326023,0.75
2024-11-08,legacy_reddit_pullpush,creator_commerce,10,0.23765209999999998,0.5
2024-11-07,legacy_reddit_pullpush,creator_commerce,10,0.2244672,0.525
2024-11-06,legacy_reddit_pullpush,creator_commerce,10,0.2616473,0.625
2024-11-05,legacy_reddit_pullpush,creator_commerce,4,0.2813175,0.6875
2024-11-04,legacy_reddit_pullpush,creator_commerce,6,0.2813721666666667,0.6666666666666666
2024-11-03,legacy_reddit_pullpush,creator_commerce,7,0.209222,0.5
2024-11-02,legacy_reddit_pullpush,creator_commerce,11,0.2830234545454546,0.6590909090909091
2024-11-01,legacy_reddit_pullpush,creator_commerce,15,0.2622506666666667,0.5833333333333334
2024-10-31,legacy_reddit_pullpush,creator_commerce,17,0.2895011176470588,0.6911764705882353
2024-10-30,legacy_reddit_pullpush,creator_commerce,19,0.2935282105263158,0.6842105263157895
2024-10-30,legacy_reddit_pullpush,product_taxonomy,2,0.038836,0.0
2024-10-29,legacy_reddit_pullpush,creator_commerce,14,0.27278057142857143,0.6607142857142857
2024-10-28,legacy_reddit_pullpush,creator_commerce,12,0.32250558333333335,0.7291666666666666
2024-10-28,legacy_reddit_pullpush,seed_signal,1,0.138053,0.25
2024-10-27,legacy_reddit_pullpush,creator_commerce,13,0.28839438461538464,0.6538461538461539
2024-10-26,legacy_reddit_pullpush,creator_commerce,11,0.25711036363636364,0.6136363636363636
2024-10-25,legacy_reddit_pullpush,creator_commerce,9,0.2672853333333334,0.5833333333333334
2024-10-24,legacy_reddit_pullpush,creator_commerce,13,0.2659946153846154,0.6538461538461539
2024-10-23,legacy_reddit_pullpush,creator_commerce,14,0.31318199999999996,0.75
2024-10-23,legacy_reddit_pullpush,food_beverage,1,0.106569,0.25
2024-10-23,legacy_reddit_pullpush,product_taxonomy,1,0.428429,1.0
2024-10-22,legacy_reddit_pullpush,creator_commerce,7,0.2645282857142857,0.6428571428571429
2024-10-21,legacy_reddit_pullpush,creator_commerce,15,0.2889817333333333,0.6833333333333333
2024-10-21,legacy_reddit_pullpush,beauty_skincare,1,0.28625,0.75
2024-10-20,legacy_reddit_pullpush,creator_commerce,8,0.17673112500000002,0.375
2024-10-19,legacy_reddit_pullpush,creator_commerce,10,0.2190546,0.475
2024-10-18,legacy_reddit_pullpush,creator_commerce,16,0.242134375,0.484375
2024-10-17,legacy_reddit_pullpush,creator_commerce,13,0.2845006923076923,0.6730769230769231
2024-10-16,legacy_reddit_pullpush,creator_commerce,10,0.2868414,0.7
2024-10-16,legacy_reddit_pullpush,product_taxonomy,1,0.308047,0.75
2024-10-15,legacy_reddit_pullpush,creator_commerce,13,0.212684,0.5
2024-10-14,legacy_reddit_pullpush,creator_commerce,9,0.3125727777777778,0.7222222222222222
2024-10-14,legacy_reddit_pullpush,product_taxonomy,1,0.333865,0.75
2024-10-13,legacy_reddit_pullpush,creator_commerce,8,0.27546424999999997,0.625
2024-10-12,legacy_reddit_pullpush,creator_commerce,2,0.3308095,0.75
2024-10-11,legacy_reddit_pullpush,creator_commerce,8,0.254127625,0.59375
2024-10-10,legacy_reddit_pullpush,creator_commerce,18,0.27811766666666665,0.6527777777777778
2024-10-09,legacy_reddit_pullpush,creator_commerce,14,0.290301,0.6964285714285714
2024-10-08,legacy_reddit_pullpush,creator_commerce,17,0.19573623529411763,0.47058823529411764
2024-10-08,legacy_reddit_pullpush,food_beverage,1,0.138726,0.25
2024-10-07,legacy_reddit_pullpush,creator_commerce,4,0.3083725,0.75
2024-10-06,legacy_reddit_pullpush,creator_commerce,11,0.25461263636363635,0.5909090909090909
2024-10-05,legacy_reddit_pullpush,creator_commerce,15,0.2697264,0.55
2024-10-04,legacy_reddit_pullpush,creator_commerce,8,0.20610124999999999,0.53125
2024-10-04,legacy_reddit_pullpush,beauty_skincare,1,0.208813,0.5
2024-10-04,legacy_reddit_pullpush,product_taxonomy,1,0.208813,0.5
2024-10-03,legacy_reddit_pullpush,creator_commerce,12,0.24437025,0.5625
2024-10-02,legacy_reddit_pullpush,creator_commerce,9,0.25892922222222226,0.6111111111111112
2024-10-02,legacy_reddit_pullpush,product_taxonomy,1,0.328911,0.75
2024-10-01,legacy_reddit_pullpush,creator_commerce,19,0.2633294736842105,0.5921052631578947
2024-10-01,legacy_reddit_pullpush,product_taxonomy,1,0.101464,0.25
2024-09-30,legacy_reddit_pullpush,creator_commerce,8,0.31157575,0.6875
2024-09-29,legacy_reddit_pullpush,creator_commerce,13,0.2919952307692308,0.6730769230769231
2024-09-28,legacy_reddit_pullpush,creator_commerce,13,0.24702684615384618,0.5384615384615384
2024-09-27,legacy_reddit_pullpush,creator_commerce,10,0.2748021,0.6
2024-09-26,legacy_reddit_pullpush,creator_commerce,11,0.27591000000000004,0.6363636363636364
2024-09-25,legacy_reddit_pullpush,creator_commerce,11,0.23884818181818182,0.5227272727272727
2024-09-24,legacy_reddit_pullpush,creator_commerce,18,0.2241862222222222,0.5
2024-09-23,legacy_reddit_pullpush,creator_commerce,9,0.22523466666666664,0.5277777777777778
2024-09-22,legacy_reddit_pullpush,creator_commerce,17,0.27464770588235293,0.6323529411764706
2024-09-22,legacy_reddit_pullpush,product_taxonomy,2,0.2523165,0.625
2024-09-21,legacy_reddit_pullpush,creator_commerce,14,0.29208735714285716,0.6607142857142857
2024-09-20,legacy_reddit_pullpush,creator_commerce,17,0.2968877058823529,0.6323529411764706
2024-09-19,legacy_reddit_pullpush,creator_commerce,10,0.3129889,0.725
2024-09-18,legacy_reddit_pullpush,creator_commerce,20,0.28995725,0.6625
2024-09-18,legacy_reddit_pullpush,product_taxonomy,1,0.308176,0.75
2024-09-17,legacy_reddit_pullpush,creator_commerce,8,0.308998375,0.71875
2024-09-17,legacy_reddit_pullpush,product_taxonomy,1,0.286169,0.5
2024-09-16,legacy_reddit_pullpush,creator_commerce,14,0.3199485,0.7321428571428571
2024-09-15,legacy_reddit_pullpush,creator_commerce,12,0.24758858333333333,0.5416666666666666
2024-09-15,legacy_reddit_pullpush,seed_signal,1,0.308733,0.75
2024-09-14,legacy_reddit_pullpush,creator_commerce,5,0.23873379999999997,0.5
2024-09-14,legacy_reddit_pullpush,product_taxonomy,1,0.182493,0.5
2024-09-13,legacy_reddit_pullpush,creator_commerce,14,0.22214157142857144,0.4642857142857143
2024-09-13,legacy_reddit_pullpush,seed_signal,1,0.125723,0.25
2024-09-12,legacy_reddit_pullpush,creator_commerce,13,0.2922903846153846,0.6538461538461539
2024-09-12,legacy_reddit_pullpush,product_taxonomy,1,0.213582,0.5
2024-09-11,legacy_reddit_pullpush,creator_commerce,7,0.23897542857142856,0.5
2024-09-11,legacy_reddit_pullpush,product_taxonomy,1,0.187601,0.5
2024-09-10,legacy_reddit_pullpush,creator_commerce,4,0.214397,0.5
2024-09-09,legacy_reddit_pullpush,creator_commerce,9,0.26457833333333336,0.6388888888888888
2024-09-08,legacy_reddit_pullpush,creator_commerce,9,0.2639995555555556,0.6111111111111112
2024-09-07,legacy_reddit_pullpush,creator_commerce,5,0.2561242,0.6
2024-09-06,legacy_reddit_pullpush,creator_commerce,9,0.28189844444444445,0.6666666666666666
2024-09-05,legacy_reddit_pullpush,creator_commerce,3,0.18997866666666666,0.4166666666666667
2024-09-04,legacy_reddit_pullpush,creator_commerce,13,0.2577761538461538,0.6346153846153846
2024-09-03,legacy_reddit_pullpush,creator_commerce,9,0.2028951111111111,0.4444444444444444
2024-09-02,legacy_reddit_pullpush,creator_commerce,10,0.2893291,0.675
2024-09-01,legacy_reddit_pullpush,creator_commerce,8,0.266055625,0.625
2024-08-31,legacy_reddit_pullpush,creator_commerce,5,0.234493,0.55
2024-08-30,legacy_reddit_pullpush,creator_commerce,11,0.28303100000000003,0.6590909090909091
2024-08-29,legacy_reddit_pullpush,creator_commerce,17,0.2765661176470588,0.6470588235294118
2024-08-28,legacy_reddit_pullpush,creator_commerce,13,0.25551853846153844,0.6153846153846154
2024-08-27,legacy_reddit_pullpush,creator_commerce,7,0.30234642857142857,0.75
2024-08-26,legacy_reddit_pullpush,creator_commerce,16,0.287600125,0.640625
2024-08-25,legacy_reddit_pullpush,creator_commerce,16,0.2503323125,0.59375
2024-08-24,legacy_reddit_pullpush,creator_commerce,9,0.20272177777777778,0.4444444444444444
2024-08-24,legacy_reddit_pullpush,product_taxonomy,1,0.261697,0.5
2024-08-23,legacy_reddit_pullpush,creator_commerce,7,0.18885771428571427,0.42857142857142855
2024-08-22,legacy_reddit_pullpush,creator_commerce,17,0.2941063529411765,0.6911764705882353
2024-08-21,legacy_reddit_pullpush,creator_commerce,7,0.2613387142857143,0.6428571428571429
2024-08-20,legacy_reddit_pullpush,creator_commerce,4,0.26752349999999997,0.625
2024-08-19,legacy_reddit_pullpush,creator_commerce,13,0.25689576923076923,0.5961538461538461
2024-08-18,legacy_reddit_pullpush,creator_commerce,3,0.34264866666666666,0.75
2024-08-17,legacy_reddit_pullpush,creator_commerce,8,0.249292875,0.59375
2024-08-16,legacy_reddit_pullpush,creator_commerce,18,0.2796211111111111,0.6388888888888888
2024-08-15,legacy_reddit_pullpush,creator_commerce,17,0.24365558823529412,0.5882352941176471
2024-08-14,legacy_reddit_pullpush,creator_commerce,7,0.2993164285714286,0.6428571428571429
2024-08-13,legacy_reddit_pullpush,creator_commerce,14,0.2977032142857143,0.6964285714285714
2024-08-12,legacy_reddit_pullpush,creator_commerce,12,0.28974783333333337,0.6666666666666666
2024-08-11,legacy_reddit_pullpush,creator_commerce,11,0.2550687272727273,0.5909090909090909
2024-08-10,legacy_reddit_pullpush,creator_commerce,13,0.2548736153846154,0.6346153846153846
2024-08-10,legacy_reddit_pullpush,product_taxonomy,1,0.278929,0.75
2024-08-09,legacy_reddit_pullpush,creator_commerce,19,0.23614026315789474,0.5263157894736842
2024-08-08,legacy_reddit_pullpush,creator_commerce,11,0.26143218181818184,0.6136363636363636
2024-08-07,legacy_reddit_pullpush,creator_commerce,13,0.251012,0.6153846153846154
2024-08-06,legacy_reddit_pullpush,creator_commerce,13,0.28383546153846156,0.6730769230769231
2024-08-06,legacy_reddit_pullpush,product_taxonomy,3,0.3092203333333334,0.75
2024-08-05,legacy_reddit_pullpush,creator_commerce,17,0.22287794117647058,0.5147058823529411
2024-08-04,legacy_reddit_pullpush,creator_commerce,8,0.280962375,0.71875
2024-08-03,legacy_reddit_pullpush,creator_commerce,12,0.23647433333333334,0.5833333333333334
2024-08-02,legacy_reddit_pullpush,creator_commerce,12,0.28197025000000003,0.6458333333333334
2024-08-01,legacy_reddit_pullpush,creator_commerce,11,0.270096,0.6136363636363636
2024-07-31,legacy_reddit_pullpush,creator_commerce,4,0.2227705,0.5
2024-07-30,legacy_reddit_pullpush,creator_commerce,12,0.2699655,0.625
2024-07-29,legacy_reddit_pullpush,creator_commerce,20,0.27649115,0.65
2024-07-28,legacy_reddit_pullpush,creator_commerce,12,0.28287208333333336,0.6875
2024-07-27,legacy_reddit_pullpush,creator_commerce,7,0.23989257142857143,0.5714285714285714
2024-07-26,legacy_reddit_pullpush,creator_commerce,11,0.23868281818181816,0.5681818181818182
2024-07-25,legacy_reddit_pullpush,creator_commerce,20,0.2475883,0.5875
2024-07-24,legacy_reddit_pullpush,creator_commerce,12,0.31343808333333334,0.7291666666666666
2024-07-23,legacy_reddit_pullpush,creator_commerce,14,0.269684,0.6428571428571429
2024-07-22,legacy_reddit_pullpush,creator_commerce,6,0.2688365,0.6666666666666666
2024-07-21,legacy_reddit_pullpush,creator_commerce,8,0.240764125,0.5625
2024-07-20,legacy_reddit_pullpush,creator_commerce,13,0.2680693076923077,0.6346153846153846
2024-07-20,legacy_reddit_pullpush,beauty_skincare,1,0.236338,0.5
2024-07-20,legacy_reddit_pullpush,product_taxonomy,1,0.236338,0.5
2024-07-19,legacy_reddit_pullpush,creator_commerce,12,0.31356116666666667,0.6666666666666666
2024-07-19,legacy_reddit_pullpush,seed_signal,2,0.345065,0.75
2024-07-18,legacy_reddit_pullpush,creator_commerce,13,0.25842076923076923,0.5576923076923077
2024-07-17,legacy_reddit_pullpush,creator_commerce,13,0.2768136153846154,0.6346153846153846
2024-07-16,legacy_reddit_pullpush,creator_commerce,7,0.2654637142857143,0.6071428571428571
2024-07-15,legacy_reddit_pullpush,creator_commerce,8,0.247073875,0.59375
2024-07-14,legacy_reddit_pullpush,creator_commerce,17,0.2423811764705882,0.5735294117647058
2024-07-13,legacy_reddit_pullpush,creator_commerce,11,0.29463754545454546,0.7045454545454546
2024-07-12,legacy_reddit_pullpush,creator_commerce,9,0.295677,0.6666666666666666
2024-07-11,legacy_reddit_pullpush,creator_commerce,16,0.273852625,0.625
2024-07-11,legacy_reddit_pullpush,product_taxonomy,1,0.05787,0.0
2024-07-10,legacy_reddit_pullpush,creator_commerce,18,0.22933061111111114,0.5138888888888888
2024-07-09,legacy_reddit_pullpush,creator_commerce,17,0.3130783529411765,0.6911764705882353
2024-07-08,legacy_reddit_pullpush,creator_commerce,17,0.27425376470588236,0.6176470588235294
2024-07-07,legacy_reddit_pullpush,creator_commerce,20,0.2562727,0.6125
2024-07-06,legacy_reddit_pullpush,creator_commerce,10,0.29107,0.675
2024-07-06,legacy_reddit_pullpush,seed_signal,1,0.309712,0.75
2024-07-05,legacy_reddit_pullpush,creator_commerce,12,0.2964346666666667,0.6875
2024-07-04,legacy_reddit_pullpush,creator_commerce,13,0.27013384615384617,0.6346153846153846
2024-07-03,legacy_reddit_pullpush,creator_commerce,10,0.3121551,0.7
2024-07-02,legacy_reddit_pullpush,creator_commerce,8,0.254005125,0.625
2024-07-02,legacy_reddit_pullpush,beauty_skincare,1,0.309084,0.75
2024-07-01,legacy_reddit_pullpush,creator_commerce,9,0.2564138888888889,0.5833333333333334
2024-06-30,legacy_reddit_pullpush,creator_commerce,7,0.219049,0.5357142857142857
2024-06-29,legacy_reddit_pullpush,creator_commerce,10,0.2379267,0.575
2024-06-28,legacy_reddit_pullpush,creator_commerce,11,0.25174809090909095,0.5681818181818182
2024-06-28,legacy_reddit_pullpush,product_taxonomy,1,0.203089,0.5
2024-06-27,legacy_reddit_pullpush,creator_commerce,16,0.2183264375,0.515625
2024-06-26,legacy_reddit_pullpush,creator_commerce,22,0.2927833181818182,0.7045454545454546
2024-06-25,legacy_reddit_pullpush,creator_commerce,10,0.2667118,0.65
2024-06-25,legacy_reddit_pullpush,home_living,1,0.149864,0.25
2024-06-25,legacy_reddit_pullpush,product_taxonomy,1,0.044451,0.0
2024-06-24,legacy_reddit_pullpush,creator_commerce,4,0.2841055,0.625
2024-06-23,legacy_reddit_pullpush,creator_commerce,10,0.2736818,0.65
2024-06-23,legacy_reddit_pullpush,product_taxonomy,1,0.290432,0.75
2024-06-22,legacy_reddit_pullpush,creator_commerce,4,0.2303725,0.5625
2024-06-21,legacy_reddit_pullpush,creator_commerce,12,0.28639200000000004,0.7083333333333334
2024-06-20,legacy_reddit_pullpush,creator_commerce,8,0.31037387499999997,0.6875
2024-06-20,legacy_reddit_pullpush,product_taxonomy,1,0.279175,0.75
2024-06-19,legacy_reddit_pullpush,creator_commerce,10,0.2650017,0.625
2024-06-18,legacy_reddit_pullpush,creator_commerce,13,0.2825174615384615,0.6538461538461539
2024-06-17,legacy_reddit_pullpush,creator_commerce,8,0.273096875,0.6875
2024-06-16,legacy_reddit_pullpush,creator_commerce,10,0.2858713,0.675
2024-06-16,legacy_reddit_pullpush,product_taxonomy,1,0.236739,0.5
2024-06-15,legacy_reddit_pullpush,creator_commerce,5,0.2092466,0.5
2024-06-14,legacy_reddit_pullpush,creator_commerce,7,0.27280742857142853,0.6428571428571429
2024-06-14,legacy_reddit_pullpush,beauty_skincare,1,0.309567,0.75
2024-06-13,legacy_reddit_pullpush,creator_commerce,12,0.24950375,0.6041666666666666
2024-06-12,legacy_reddit_pullpush,creator_commerce,9,0.2710001111111111,0.6666666666666666
2024-06-11,legacy_reddit_pullpush,creator_commerce,6,0.24400166666666667,0.5833333333333334
2024-06-10,legacy_reddit_pullpush,creator_commerce,11,0.23212445454545455,0.5454545454545454
2024-06-09,legacy_reddit_pullpush,creator_commerce,10,0.2586151,0.65
2024-06-09,legacy_reddit_pullpush,product_taxonomy,1,0.020053,0.0
2024-06-08,legacy_reddit_pullpush,creator_commerce,3,0.19925099999999998,0.4166666666666667
2024-06-08,legacy_reddit_pullpush,product_taxonomy,1,0.203279,0.5
2024-06-07,legacy_reddit_pullpush,creator_commerce,14,0.23160035714285712,0.5535714285714286
2024-06-06,legacy_reddit_pullpush,creator_commerce,8,0.224525375,0.5625
2024-06-05,legacy_reddit_pullpush,creator_commerce,10,0.2225431,0.5
2024-06-04,legacy_reddit_pullpush,creator_commerce,18,0.3039445,0.7361111111111112
2024-06-04,legacy_reddit_pullpush,beauty_skincare,1,0.309347,0.75
2024-06-03,legacy_reddit_pullpush,creator_commerce,12,0.2527070833333333,0.5833333333333334
2024-06-02,legacy_reddit_pullpush,creator_commerce,8,0.277407375,0.65625
2024-06-01,legacy_reddit_pullpush,creator_commerce,4,0.24083975,0.5
2024-05-31,legacy_reddit_pullpush,creator_commerce,11,0.23396681818181816,0.5681818181818182
2024-05-30,legacy_reddit_pullpush,creator_commerce,11,0.24706763636363638,0.5681818181818182
2024-05-29,legacy_reddit_pullpush,creator_commerce,9,0.298801,0.6944444444444444
2024-05-28,legacy_reddit_pullpush,creator_commerce,5,0.2707802,0.65
2024-05-27,legacy_reddit_pullpush,creator_commerce,21,0.2047114761904762,0.4523809523809524
2024-05-26,legacy_reddit_pullpush,creator_commerce,10,0.24189439999999998,0.55
2024-05-25,legacy_reddit_pullpush,creator_commerce,7,0.2847824285714286,0.7142857142857143
2024-05-25,legacy_reddit_pullpush,product_taxonomy,1,0.302908,0.75
2024-05-24,legacy_reddit_pullpush,creator_commerce,7,0.26621614285714285,0.6071428571428571
2024-05-23,legacy_reddit_pullpush,creator_commerce,10,0.2591411,0.625
2024-05-22,legacy_reddit_pullpush,creator_commerce,17,0.2561353529411765,0.6029411764705882
2024-05-21,legacy_reddit_pullpush,creator_commerce,3,0.19925533333333334,0.5
2024-05-20,legacy_reddit_pullpush,creator_commerce,9,0.275102,0.5833333333333334
2024-05-19,legacy_reddit_pullpush,creator_commerce,9,0.26758377777777775,0.5833333333333334
2024-05-18,legacy_reddit_pullpush,creator_commerce,5,0.2237002,0.5
2024-05-17,legacy_reddit_pullpush,creator_commerce,13,0.3106016153846154,0.6730769230769231
2024-05-16,legacy_reddit_pullpush,creator_commerce,24,0.288059875,0.6979166666666666
2024-05-16,legacy_reddit_pullpush,product_taxonomy,2,0.207684,0.5
2024-05-16,legacy_reddit_pullpush,home_living,1,0.321216,0.75
2024-05-15,legacy_reddit_pullpush,creator_commerce,14,0.27664764285714283,0.6785714285714286
2024-05-14,legacy_reddit_pullpush,creator_commerce,9,0.2069108888888889,0.4444444444444444
2024-05-13,legacy_reddit_pullpush,creator_commerce,13,0.2266320769230769,0.4807692307692308
2024-05-12,legacy_reddit_pullpush,creator_commerce,8,0.238369125,0.5
2024-05-11,legacy_reddit_pullpush,creator_commerce,11,0.2304299090909091,0.5681818181818182
2024-05-10,legacy_reddit_pullpush,creator_commerce,11,0.27457,0.6818181818181818
2024-05-09,legacy_reddit_pullpush,creator_commerce,12,0.21893300000000002,0.5
2024-05-08,legacy_reddit_pullpush,creator_commerce,6,0.2556285,0.625
2024-05-07,legacy_reddit_pullpush,creator_commerce,16,0.2922205,0.6875
2024-05-07,legacy_reddit_pullpush,product_taxonomy,1,0.374285,1.0
2024-05-06,legacy_reddit_pullpush,creator_commerce,9,0.27329366666666666,0.6388888888888888
2024-05-05,legacy_reddit_pullpush,creator_commerce,8,0.253100375,0.59375
2024-05-04,legacy_reddit_pullpush,creator_commerce,3,0.3110603333333333,0.75
2024-05-03,legacy_reddit_pullpush,creator_commerce,17,0.22687229411764706,0.5294117647058824
2024-05-02,legacy_reddit_pullpush,creator_commerce,13,0.2659512307692308,0.6538461538461539
2024-05-01,legacy_reddit_pullpush,creator_commerce,9,0.35426355555555555,0.8333333333333334
2024-05-01,legacy_reddit_pullpush,product_taxonomy,1,0.328942,0.75
2024-04-30,legacy_reddit_pullpush,creator_commerce,13,0.2671547692307692,0.6538461538461539
2024-04-30,legacy_reddit_pullpush,product_taxonomy,1,0.288278,0.75
2024-04-29,legacy_reddit_pullpush,creator_commerce,9,0.2511381111111111,0.6111111111111112
2024-04-29,legacy_reddit_pullpush,product_taxonomy,1,0.296634,0.75
2024-04-28,legacy_reddit_pullpush,creator_commerce,4,0.259497,0.625
2024-04-27,legacy_reddit_pullpush,creator_commerce,5,0.2855976,0.7
2024-04-26,legacy_reddit_pullpush,creator_commerce,8,0.284627375,0.6875
2024-04-26,legacy_reddit_pullpush,product_taxonomy,1,0.302286,0.75
2024-04-25,legacy_reddit_pullpush,creator_commerce,8,0.18461487499999998,0.46875
2024-04-25,legacy_reddit_pullpush,product_taxonomy,1,0.101366,0.25
2024-04-24,legacy_reddit_pullpush,creator_commerce,8,0.249231375,0.5625
2024-04-23,legacy_reddit_pullpush,creator_commerce,9,0.25160411111111114,0.6111111111111112
2024-04-22,legacy_reddit_pullpush,creator_commerce,9,0.25740599999999997,0.6388888888888888
2024-04-21,legacy_reddit_pullpush,creator_commerce,9,0.27509755555555554,0.6388888888888888
2024-04-21,legacy_reddit_pullpush,product_taxonomy,2,0.3550035,0.75
2024-04-20,legacy_reddit_pullpush,creator_commerce,8,0.188818125,0.4375
2024-04-19,legacy_reddit_pullpush,creator_commerce,14,0.20480328571428572,0.48214285714285715
2024-04-18,legacy_reddit_pullpush,creator_commerce,8,0.2435395,0.65625
2024-04-17,legacy_reddit_pullpush,creator_commerce,7,0.25487571428571426,0.6428571428571429
2024-04-17,legacy_reddit_pullpush,product_taxonomy,2,0.196007,0.5
2024-04-16,legacy_reddit_pullpush,creator_commerce,17,0.26934076470588236,0.6176470588235294
2024-04-15,legacy_reddit_pullpush,creator_commerce,8,0.2625255,0.65625
2024-04-14,legacy_reddit_pullpush,creator_commerce,11,0.22369263636363634,0.5909090909090909
2024-04-13,legacy_reddit_pullpush,creator_commerce,11,0.23688209090909093,0.6136363636363636
2024-04-12,legacy_reddit_pullpush,creator_commerce,5,0.2548016,0.65
2024-04-11,legacy_reddit_pullpush,creator_commerce,6,0.244711,0.5416666666666666
2024-04-10,legacy_reddit_pullpush,creator_commerce,14,0.2547257142857143,0.625
2024-04-09,legacy_reddit_pullpush,creator_commerce,12,0.27767875000000003,0.7291666666666666
2024-04-08,legacy_reddit_pullpush,creator_commerce,6,0.2119555,0.5416666666666666
2024-04-07,legacy_reddit_pullpush,creator_commerce,6,0.29344549999999997,0.7083333333333334
2024-04-07,legacy_reddit_pullpush,beauty_skincare,1,0.346129,0.75
2024-04-06,legacy_reddit_pullpush,creator_commerce,13,0.2426983846153846,0.6153846153846154
2024-04-06,legacy_reddit_pullpush,product_taxonomy,1,0.121056,0.25
2024-04-06,legacy_reddit_pullpush,tech_gadgets,1,0.319067,0.75
2024-04-05,legacy_reddit_pullpush,creator_commerce,6,0.2636768333333333,0.625
2024-04-04,legacy_reddit_pullpush,creator_commerce,7,0.2694924285714286,0.6785714285714286
2024-04-03,legacy_reddit_pullpush,creator_commerce,7,0.18429399999999999,0.4642857142857143
2024-04-02,legacy_reddit_pullpush,creator_commerce,12,0.22047949999999997,0.5416666666666666
2024-04-01,legacy_reddit_pullpush,creator_commerce,11,0.26708472727272725,0.7045454545454546
2024-03-31,legacy_reddit_pullpush,creator_commerce,7,0.2498814285714286,0.6428571428571429
2024-03-30,legacy_reddit_pullpush,creator_commerce,6,0.280449,0.6666666666666666
2024-03-29,legacy_reddit_pullpush,creator_commerce,3,0.18816133333333332,0.5
2024-03-29,legacy_reddit_pullpush,product_taxonomy,1,0.115673,0.25
2024-03-28,legacy_reddit_pullpush,creator_commerce,11,0.3000503636363636,0.7272727272727273
2024-03-27,legacy_reddit_pullpush,creator_commerce,7,0.23875214285714286,0.5714285714285714
2024-03-26,legacy_reddit_pullpush,creator_commerce,3,0.18495000000000003,0.5
2024-03-25,legacy_reddit_pullpush,creator_commerce,4,0.31667225,0.75
2024-03-24,legacy_reddit_pullpush,creator_commerce,7,0.2786214285714286,0.6785714285714286
2024-03-23,legacy_reddit_pullpush,creator_commerce,10,0.2350549,0.575
2024-03-23,legacy_reddit_pullpush,product_taxonomy,1,0.31111,0.75
2024-03-22,legacy_reddit_pullpush,creator_commerce,8,0.247937125,0.625
2024-03-21,legacy_reddit_pullpush,creator_commerce,17,0.25643229411764706,0.6617647058823529
2024-03-20,legacy_reddit_pullpush,creator_commerce,15,0.3054814,0.7166666666666667
2024-03-19,legacy_reddit_pullpush,creator_commerce,2,0.1969675,0.5
2024-03-18,legacy_reddit_pullpush,creator_commerce,10,0.2825389,0.7
2024-03-17,legacy_reddit_pullpush,creator_commerce,7,0.2848805714285714,0.6785714285714286
2024-03-16,legacy_reddit_pullpush,creator_commerce,9,0.21713133333333332,0.5555555555555556
2024-03-16,legacy_reddit_pullpush,product_taxonomy,1,0.125861,0.25
2024-03-15,legacy_reddit_pullpush,creator_commerce,6,0.26620883333333334,0.5833333333333334
2024-03-14,legacy_reddit_pullpush,creator_commerce,7,0.28308814285714284,0.7142857142857143
2024-03-13,legacy_reddit_pullpush,creator_commerce,16,0.27456200000000003,0.6875
2024-03-12,legacy_reddit_pullpush,creator_commerce,7,0.20852257142857142,0.5357142857142857
2024-03-11,legacy_reddit_pullpush,creator_commerce,6,0.2756695,0.6666666666666666
2024-03-10,legacy_reddit_pullpush,creator_commerce,13,0.22331238461538463,0.5384615384615384
2024-03-09,legacy_reddit_pullpush,creator_commerce,10,0.27547510000000003,0.675
2024-03-09,legacy_reddit_pullpush,seed_signal,1,0.309885,0.75
2024-03-08,legacy_reddit_pullpush,creator_commerce,12,0.24731208333333332,0.625
2024-03-07,legacy_reddit_pullpush,creator_commerce,7,0.24266814285714286,0.6071428571428571
2024-03-06,legacy_reddit_pullpush,creator_commerce,9,0.2358802222222222,0.6111111111111112
2024-03-05,legacy_reddit_pullpush,creator_commerce,11,0.32105636363636364,0.7272727272727273
2024-03-04,legacy_reddit_pullpush,creator_commerce,13,0.29971215384615385,0.7692307692307693
2024-03-03,legacy_reddit_pullpush,creator_commerce,8,0.277068125,0.6875
2024-03-02,legacy_reddit_pullpush,creator_commerce,6,0.19791933333333334,0.5
2024-03-01,legacy_reddit_pullpush,creator_commerce,6,0.302514,0.75
2024-02-29,legacy_reddit_pullpush,creator_commerce,11,0.2473617272727273,0.6136363636363636
2024-02-28,legacy_reddit_pullpush,creator_commerce,21,0.24558328571428573,0.6190476190476191
2024-02-27,legacy_reddit_pullpush,creator_commerce,13,0.2773762307692308,0.6923076923076923
2024-02-26,legacy_reddit_pullpush,creator_commerce,15,0.22399493333333334,0.5333333333333333
2024-02-26,legacy_reddit_pullpush,product_taxonomy,1,0.273937,0.75
2024-02-25,legacy_reddit_pullpush,creator_commerce,6,0.28579899999999997,0.75
2024-02-24,legacy_reddit_pullpush,creator_commerce,9,0.12964066666666665,0.3055555555555556
2024-02-23,legacy_reddit_pullpush,creator_commerce,11,0.2339323636363636,0.5909090909090909
2024-02-23,legacy_reddit_pullpush,product_taxonomy,1,0.359035,1.0
2024-02-22,legacy_reddit_pullpush,creator_commerce,11,0.2742190909090909,0.7272727272727273
2024-02-21,legacy_reddit_pullpush,creator_commerce,13,0.2792228461538462,0.6923076923076923
2024-02-21,legacy_reddit_pullpush,health_wellness,1,0.313764,0.75
2024-02-21,legacy_reddit_pullpush,product_taxonomy,1,0.313764,0.75
2024-02-20,legacy_reddit_pullpush,creator_commerce,22,0.2657071818181818,0.625
2024-02-20,legacy_reddit_pullpush,product_taxonomy,2,0.2471295,0.625
2024-02-20,legacy_reddit_pullpush,beauty_skincare,1,0.200831,0.5
2024-02-19,legacy_reddit_pullpush,creator_commerce,12,0.239474,0.5625
2024-02-18,legacy_reddit_pullpush,creator_commerce,7,0.242087,0.6071428571428571
2024-02-17,legacy_reddit_pullpush,creator_commerce,7,0.30764142857142857,0.7857142857142857
2024-02-16,legacy_reddit_pullpush,creator_commerce,8,0.204195125,0.53125
2024-02-15,legacy_reddit_pullpush,creator_commerce,12,0.26865116666666666,0.6875
2024-02-14,legacy_reddit_pullpush,creator_commerce,11,0.22884254545454547,0.5681818181818182
2024-02-13,legacy_reddit_pullpush,creator_commerce,12,0.24000524999999998,0.6041666666666666
2024-02-12,legacy_reddit_pullpush,creator_commerce,2,0.2121665,0.625
2024-02-11,legacy_reddit_pullpush,creator_commerce,4,0.25482375,0.625
2024-02-10,legacy_reddit_pullpush,creator_commerce,5,0.193577,0.5
2024-02-09,legacy_reddit_pullpush,creator_commerce,17,0.2942120588235294,0.7058823529411765
2024-02-09,legacy_reddit_pullpush,product_taxonomy,1,0.133997,0.25
2024-02-08,legacy_reddit_pullpush,creator_commerce,15,0.20092106666666668,0.4666666666666667
2024-02-07,legacy_reddit_pullpush,creator_commerce,12,0.19750083333333335,0.5
2024-02-07,legacy_reddit_pullpush,product_taxonomy,2,0.212097,0.5
2024-02-06,legacy_reddit_pullpush,creator_commerce,9,0.2550808888888889,0.5833333333333334
2024-02-05,legacy_reddit_pullpush,creator_commerce,7,0.19090728571428572,0.39285714285714285
2024-02-04,legacy_reddit_pullpush,creator_commerce,12,0.20846175,0.5
2024-02-04,legacy_reddit_pullpush,beauty_skincare,1,0.343593,0.75
2024-02-03,legacy_reddit_pullpush,creator_commerce,3,0.23467266666666667,0.5833333333333334
2024-02-02,legacy_reddit_pullpush,creator_commerce,10,0.1962737,0.475
2024-02-01,legacy_reddit_pullpush,creator_commerce,8,0.278767875,0.65625
2024-02-01,legacy_reddit_pullpush,product_taxonomy,1,0.10125,0.25
2024-01-31,legacy_reddit_pullpush,creator_commerce,9,0.21780344444444444,0.5277777777777778
2024-01-30,legacy_reddit_pullpush,creator_commerce,7,0.26817385714285713,0.6428571428571429
2024-01-29,legacy_reddit_pullpush,creator_commerce,10,0.2937344,0.75
2024-01-28,legacy_reddit_pullpush,creator_commerce,14,0.22065921428571428,0.5
2024-01-27,legacy_reddit_pullpush,creator_commerce,28,0.30490635714285713,0.7053571428571429
2024-01-27,legacy_reddit_pullpush,product_taxonomy,2,0.279732,0.75
2024-01-27,legacy_reddit_pullpush,beauty_skincare,1,0.279732,0.75
2024-01-27,legacy_reddit_pullpush,home_living,1,0.279732,0.75
2024-01-26,legacy_reddit_pullpush,creator_commerce,21,0.28119500000000003,0.6428571428571429
2024-01-25,legacy_reddit_pullpush,creator_commerce,20,0.199581,0.5
2024-01-25,legacy_reddit_pullpush,product_taxonomy,1,0.035449,0.0
2024-01-24,legacy_reddit_pullpush,creator_commerce,13,0.13326807692307693,0.3076923076923077
2024-01-23,legacy_reddit_pullpush,creator_commerce,21,0.17068766666666665,0.4166666666666667
2024-01-23,legacy_reddit_pullpush,product_taxonomy,1,0.119015,0.25
2024-01-22,legacy_reddit_pullpush,creator_commerce,11,0.203577,0.5227272727272727
2024-01-21,legacy_reddit_pullpush,creator_commerce,9,0.21003333333333332,0.5
2024-01-21,legacy_reddit_pullpush,product_taxonomy,1,0.320223,0.75
2024-01-20,legacy_reddit_pullpush,creator_commerce,4,0.2439265,0.5625
2024-01-19,legacy_reddit_pullpush,creator_commerce,3,0.27343766666666663,0.6666666666666666
2024-01-18,legacy_reddit_pullpush,creator_commerce,8,0.28839775,0.75
2024-01-17,legacy_reddit_pullpush,creator_commerce,10,0.3014472,0.725
2024-01-17,legacy_reddit_pullpush,product_taxonomy,1,0.280441,0.75
2024-01-16,legacy_reddit_pullpush,creator_commerce,5,0.2095872,0.55
2024-01-15,legacy_reddit_pullpush,creator_commerce,6,0.25133466666666665,0.5833333333333334
2024-01-14,legacy_reddit_pullpush,creator_commerce,6,0.3204436666666667,0.75
2024-01-13,legacy_reddit_pullpush,creator_commerce,17,0.2918882352941176,0.7352941176470589
2024-01-12,legacy_reddit_pullpush,creator_commerce,11,0.309397,0.7727272727272727
2024-01-11,legacy_reddit_pullpush,creator_commerce,6,0.26704883333333335,0.7083333333333334
2024-01-10,legacy_reddit_pullpush,creator_commerce,2,0.2920745,0.75
2024-01-09,legacy_reddit_pullpush,creator_commerce,4,0.259669,0.625
2024-01-08,legacy_reddit_pullpush,creator_commerce,4,0.239895,0.5625
2024-01-07,legacy_reddit_pullpush,creator_commerce,14,0.23573342857142857,0.6071428571428571
2024-01-06,legacy_reddit_pullpush,creator_commerce,9,0.24113688888888887,0.6388888888888888
2024-01-05,legacy_reddit_pullpush,creator_commerce,5,0.23845860000000002,0.65
2024-01-04,legacy_reddit_pullpush,creator_commerce,5,0.2203844,0.5
2024-01-03,legacy_reddit_pullpush,creator_commerce,12,0.2513080833333333,0.625
2024-01-02,legacy_reddit_pullpush,creator_commerce,9,0.2773696666666667,0.7222222222222222
2023-12-31,legacy_reddit_pullpush,creator_commerce,6,0.3056681666666667,0.7083333333333334
2023-12-30,legacy_reddit_pullpush,creator_commerce,4,0.29616275000000003,0.75
2023-12-29,legacy_reddit_pullpush,creator_commerce,10,0.2661865,0.725
2023-12-28,legacy_reddit_pullpush,creator_commerce,14,0.2907674285714286,0.7321428571428571
2023-12-27,legacy_reddit_pullpush,creator_commerce,7,0.26036385714285715,0.6428571428571429
2023-12-26,legacy_reddit_pullpush,creator_commerce,5,0.2781246,0.7
2023-12-25,legacy_reddit_pullpush,creator_commerce,2,0.296068,0.75
2023-12-24,legacy_reddit_pullpush,creator_commerce,1,0.284939,0.75
2023-12-23,legacy_reddit_pullpush,creator_commerce,4,0.22248875,0.5625
2023-12-22,legacy_reddit_pullpush,creator_commerce,2,0.2101305,0.5
2023-12-21,legacy_reddit_pullpush,creator_commerce,8,0.265942,0.6875
2023-12-20,legacy_reddit_pullpush,creator_commerce,12,0.237259,0.6041666666666666
2023-12-20,legacy_reddit_pullpush,beauty_skincare,1,0.317975,0.75
2023-12-19,legacy_reddit_pullpush,creator_commerce,7,0.23498814285714284,0.5714285714285714
2023-12-18,legacy_reddit_pullpush,creator_commerce,4,0.26775925,0.6875
2023-12-17,legacy_reddit_pullpush,creator_commerce,4,0.22456325,0.5625
2023-12-16,legacy_reddit_pullpush,creator_commerce,2,0.2505285,0.625
2023-12-15,legacy_reddit_pullpush,creator_commerce,4,0.2950935,0.75
2023-12-14,legacy_reddit_pullpush,creator_commerce,3,0.24685466666666667,0.6666666666666666
2023-12-13,legacy_reddit_pullpush,creator_commerce,2,0.350228,0.75
2023-12-12,legacy_reddit_pullpush,creator_commerce,7,0.31324014285714286,0.75
2023-12-11,legacy_reddit_pullpush,creator_commerce,7,0.28586100000000003,0.75
2023-12-10,legacy_reddit_pullpush,creator_commerce,4,0.24602825,0.625
2023-12-09,legacy_reddit_pullpush,creator_commerce,3,0.2999176666666667,0.75
2023-12-09,legacy_reddit_pullpush,beauty_skincare,1,0.30888,0.75
2023-12-08,legacy_reddit_pullpush,creator_commerce,3,0.18676033333333333,0.5
2023-12-07,legacy_reddit_pullpush,creator_commerce,3,0.21028,0.5
2023-12-06,legacy_reddit_pullpush,creator_commerce,1,0.33112,0.75
2023-12-05,legacy_reddit_pullpush,creator_commerce,1,0.270045,0.75
2023-12-04,legacy_reddit_pullpush,creator_commerce,5,0.2906226,0.75
2023-12-04,legacy_reddit_pullpush,home_living,1,0.279605,0.75
2023-12-03,legacy_reddit_pullpush,creator_commerce,4,0.28087525,0.75
2023-12-02,legacy_reddit_pullpush,creator_commerce,3,0.26379,0.6666666666666666
2023-12-01,legacy_reddit_pullpush,creator_commerce,8,0.297227125,0.78125
2023-11-30,legacy_reddit_pullpush,creator_commerce,4,0.32983225000000005,0.8125
2023-11-29,legacy_reddit_pullpush,creator_commerce,1,0.317579,0.75
2023-11-28,legacy_reddit_pullpush,creator_commerce,5,0.29817780000000005,0.75
2023-11-28,legacy_reddit_pullpush,product_taxonomy,1,0.312888,0.75
2023-11-27,legacy_reddit_pullpush,creator_commerce,4,0.2975815,0.75
2023-11-26,legacy_reddit_pullpush,creator_commerce,1,0.194007,0.5
2023-11-24,legacy_reddit_pullpush,creator_commerce,1,0.193445,0.5
2023-11-23,legacy_reddit_pullpush,creator_commerce,4,0.26301675,0.6875
2023-11-22,legacy_reddit_pullpush,creator_commerce,4,0.2392245,0.625
2023-11-21,legacy_reddit_pullpush,creator_commerce,2,0.2031715,0.5
2023-11-19,legacy_reddit_pullpush,creator_commerce,1,0.243667,0.5
2023-11-18,legacy_reddit_pullpush,creator_commerce,4,0.30271625,0.8125
2023-11-17,legacy_reddit_pullpush,creator_commerce,4,0.23551300000000003,0.625
2023-11-16,legacy_reddit_pullpush,creator_commerce,3,0.34227433333333335,0.8333333333333334
2023-11-15,legacy_reddit_pullpush,creator_commerce,3,0.23026033333333337,0.5833333333333334
2023-11-14,legacy_reddit_pullpush,creator_commerce,3,0.31207199999999996,0.75
2023-11-13,legacy_reddit_pullpush,creator_commerce,1,0.268533,0.75
2023-11-12,legacy_reddit_pullpush,creator_commerce,2,0.2026155,0.5
2023-11-11,legacy_reddit_pullpush,creator_commerce,9,0.28165944444444446,0.7222222222222222
2023-11-10,legacy_reddit_pullpush,creator_commerce,3,0.258086,0.6666666666666666
2023-11-09,legacy_reddit_pullpush,creator_commerce,6,0.3257738333333333,0.7916666666666666
2023-11-08,legacy_reddit_pullpush,creator_commerce,3,0.193941,0.5
2023-11-07,legacy_reddit_pullpush,creator_commerce,2,0.265391,0.625
2023-11-06,legacy_reddit_pullpush,creator_commerce,4,0.26550124999999997,0.6875
2023-11-05,legacy_reddit_pullpush,creator_commerce,1,0.307269,0.75
2023-11-04,legacy_reddit_pullpush,creator_commerce,3,0.26566566666666663,0.75
2023-11-03,legacy_reddit_pullpush,creator_commerce,4,0.311317,0.75
2023-11-01,legacy_reddit_pullpush,creator_commerce,4,0.29702375000000003,0.75
2023-10-31,legacy_reddit_pullpush,creator_commerce,1,0.210552,0.5
2023-08-18,legacy_reddit_pullpush,creator_commerce,1,0.299463,0.75
2023-08-17,legacy_reddit_pullpush,creator_commerce,2,0.314522,0.75
2023-08-15,legacy_reddit_pullpush,creator_commerce,2,0.2692135,0.625
2023-08-14,legacy_reddit_pullpush,creator_commerce,1,0.289832,0.75
2023-08-13,legacy_reddit_pullpush,creator_commerce,2,0.298775,0.75
2023-08-10,legacy_reddit_pullpush,creator_commerce,1,0.367696,0.75
2023-08-09,legacy_reddit_pullpush,creator_commerce,2,0.30689299999999997,0.625
2023-08-05,legacy_reddit_pullpush,creator_commerce,1,0.301173,0.75
2023-08-03,legacy_reddit_pullpush,creator_commerce,1,0.373026,0.75
2023-07-31,legacy_reddit_pullpush,creator_commerce,1,0.217702,0.5
2023-07-29,legacy_reddit_pullpush,creator_commerce,1,0.350964,0.75
2023-07-27,legacy_reddit_pullpush,creator_commerce,1,0.328169,0.75
2023-07-25,legacy_reddit_pullpush,creator_commerce,1,0.314402,0.75
2023-07-20,legacy_reddit_pullpush,creator_commerce,1,0.299096,0.75
2023-07-18,legacy_reddit_pullpush,creator_commerce,1,0.331893,0.75
2023-07-17,legacy_reddit_pullpush,creator_commerce,1,0.307349,0.75
2023-07-10,legacy_reddit_pullpush,creator_commerce,3,0.310124,0.75
2023-06-30,legacy_reddit_pullpush,creator_commerce,1,0.318937,0.75
2023-06-21,legacy_reddit_pullpush,creator_commerce,1,0.223744,0.5
2023-06-17,legacy_reddit_pullpush,creator_commerce,1,0.280271,0.75
2023-06-13,legacy_reddit_pullpush,creator_commerce,1,0.271283,0.75
2023-05-16,legacy_reddit_pullpush,beauty_skincare,1,0.305065,0.75
2023-05-16,legacy_reddit_pullpush,creator_commerce,1,0.305065,0.75
2023-05-14,legacy_reddit_pullpush,creator_commerce,1,0.326671,0.75
2023-05-10,legacy_reddit_pullpush,creator_commerce,1,0.329154,0.75
2023-04-23,legacy_reddit_pullpush,creator_commerce,1,0.355799,0.75
2023-04-03,legacy_reddit_pullpush,creator_commerce,1,0.133007,0.25
2023-02-21,legacy_reddit_pullpush,creator_commerce,1,0.096691,0.25
2022-10-30,legacy_reddit_pullpush,creator_commerce,1,0.379175,0.75
2022-08-12,legacy_reddit_pullpush,creator_commerce,1,0.159783,0.5
2022-07-07,legacy_reddit_pullpush,creator_commerce,2,0.170892,0.5
2020-07-07,legacy_reddit_pullpush,creator_commerce,1,0.094567,0.25
2020-06-15,legacy_reddit_pullpush,creator_commerce,1,0.15015,0.25
,google_news_rss,business_context,5073,0.05898081194559432,0.045830869308101714
,google_news_rss,product_taxonomy,1833,0.023847988543371522,0.003409710856519367
,google_news_rss,home_living,451,0.023504141906873614,0.0022172949002217295
,google_news_rss,food_beverage,434,0.021794366359447006,0.002880184331797235
,google_news_rss,beauty_skincare,411,0.03033943065693431,0.016423357664233577
,google_news_rss,fashion_apparel,339,0.027051879056047196,0.0014749262536873156
,google_news_rss,tech_gadgets,330,0.01763037575757576,0.0007575757575757576
,google_news_rss,health_wellness,323,0.023662170278637772,0.0015479876160990713
,google_news_rss,creator_commerce,298,0.08904136912751677,0.15771812080536912
,google_news_rss,seed_signal,221,0.054602438914027156,0.06787330316742081
,google_news_rss,baby_parenting,191,0.022323628272251306,0.0013089005235602095
,google_news_rss,outdoor_travel,160,0.032805837500000004,0.0
,google_news_rss,pets,108,0.024229731481481484,0.0
,gdelt_doc,beauty_skincare,65,0.05085432307692308,0.04230769230769231
,google_news_rss,fashion,36,0.022865194444444445,0.0
,gdelt_doc,health_wellness,13,0.02849592307692308,0.0
